county,office,party,candidate,votes
Anderson,President,DEM,Joseph R. Biden / Kamala D. Harris,3955
Anderson,President,REP,Donald J. Trump / Michael R. Pence,15110
Anderson,President,LIB,,162
Andrews,President,DEM,Joseph R. Biden / Kamala D. Harris,850
Andrews,President,REP,Donald J. Trump / Michael R. Pence,4943
Andrews,President,LIB,,70
Angelina,President,DEM,Joseph R. Biden / Kamala D. Harris,9143
Angelina,President,REP,Donald J. Trump / Michael R. Pence,25076
Angelina,President,LIB,,416
Aransas,President,DEM,Joseph R. Biden / Kamala D. Harris,2916
Aransas,President,REP,Donald J. Trump / Michael R. Pence,9239
Aransas,President,LIB,,135
Archer,President,DEM,Joseph R. Biden / Kamala D. Harris,446
Archer,President,REP,Donald J. Trump / Michael R. Pence,4300
Archer,President,LIB,,50
Armstrong,President,DEM,Joseph R. Biden / Kamala D. Harris,75
Armstrong,President,REP,Donald J. Trump / Michael R. Pence,1035
Armstrong,President,LIB,,2
Atascosa,President,DEM,Joseph R. Biden / Kamala D. Harris,5876
Atascosa,President,REP,Donald J. Trump / Michael R. Pence,12039
Atascosa,President,LIB,,217
Austin,President,DEM,Joseph R. Biden / Kamala D. Harris,2951
Austin,President,REP,Donald J. Trump / Michael R. Pence,11447
Austin,President,LIB,,156
Bailey,President,DEM,Joseph R. Biden / Kamala D. Harris,409
Bailey,President,REP,Donald J. Trump / Michael R. Pence,1434
Bailey,President,LIB,,17
Bandera,President,DEM,Joseph R. Biden / Kamala D. Harris,2505
Bandera,President,REP,Donald J. Trump / Michael R. Pence,10057
Bandera,President,LIB,,153
Bastrop,President,DEM,Joseph R. Biden / Kamala D. Harris,15474
Bastrop,President,REP,Donald J. Trump / Michael R. Pence,20516
Bastrop,President,LIB,,772
Baylor,President,DEM,Joseph R. Biden / Kamala D. Harris,183
Baylor,President,REP,Donald J. Trump / Michael R. Pence,1494
Baylor,President,LIB,,25
Bee,President,DEM,Joseph R. Biden / Kamala D. Harris,3288
Bee,President,REP,Donald J. Trump / Michael R. Pence,6006
Bee,President,LIB,,126
Bell,President,DEM,Joseph R. Biden / Kamala D. Harris,57014
Bell,President,REP,Donald J. Trump / Michael R. Pence,67893
Bell,President,LIB,,2783
Bexar,President,DEM,Joseph R. Biden / Kamala D. Harris,448452
Bexar,President,REP,Donald J. Trump / Michael R. Pence,308618
Bexar,President,LIB,,12072
Blanco,President,DEM,Joseph R. Biden / Kamala D. Harris,1911
Blanco,President,REP,Donald J. Trump / Michael R. Pence,5443
Blanco,President,LIB,,105
Borden,President,DEM,Joseph R. Biden / Kamala D. Harris,16
Borden,President,REP,Donald J. Trump / Michael R. Pence,397
Borden,President,LIB,,3
Bosque,President,DEM,Joseph R. Biden / Kamala D. Harris,1561
Bosque,President,REP,Donald J. Trump / Michael R. Pence,7469
Bosque,President,LIB,,110
Bowie,President,DEM,Joseph R. Biden / Kamala D. Harris,10747
Bowie,President,REP,Donald J. Trump / Michael R. Pence,27116
Bowie,President,LIB,,453
Brazoria,President,DEM,Joseph R. Biden / Kamala D. Harris,62239
Brazoria,President,REP,Donald J. Trump / Michael R. Pence,90438
Brazoria,President,LIB,,2323
Brazos,President,DEM,Joseph R. Biden / Kamala D. Harris,35349
Brazos,President,REP,Donald J. Trump / Michael R. Pence,47530
Brazos,President,LIB,,2182
Brewster,President,DEM,Joseph R. Biden / Kamala D. Harris,2258
Brewster,President,REP,Donald J. Trump / Michael R. Pence,2461
Brewster,President,LIB,,103
Briscoe,President,DEM,Joseph R. Biden / Kamala D. Harris,78
Briscoe,President,REP,Donald J. Trump / Michael R. Pence,639
Briscoe,President,LIB,,8
Brooks,President,DEM,Joseph R. Biden / Kamala D. Harris,1470
Brooks,President,REP,Donald J. Trump / Michael R. Pence,998
Brooks,President,LIB,,16
Brown,President,DEM,Joseph R. Biden / Kamala D. Harris,2107
Brown,President,REP,Donald J. Trump / Michael R. Pence,13698
Brown,President,LIB,,164
Burleson,President,DEM,Joseph R. Biden / Kamala D. Harris,1788
Burleson,President,REP,Donald J. Trump / Michael R. Pence,6743
Burleson,President,LIB,,78
Burnet,President,DEM,Joseph R. Biden / Kamala D. Harris,5639
Burnet,President,REP,Donald J. Trump / Michael R. Pence,18767
Burnet,President,LIB,,311
Caldwell,President,DEM,Joseph R. Biden / Kamala D. Harris,6670
Caldwell,President,REP,Donald J. Trump / Michael R. Pence,8029
Caldwell,President,LIB,,270
Calhoun,President,DEM,Joseph R. Biden / Kamala D. Harris,2148
Calhoun,President,REP,Donald J. Trump / Michael R. Pence,5641
Calhoun,President,LIB,,79
Callahan,President,DEM,Joseph R. Biden / Kamala D. Harris,734
Callahan,President,REP,Donald J. Trump / Michael R. Pence,6012
Callahan,President,LIB,,86
Cameron,President,DEM,Joseph R. Biden / Kamala D. Harris,64063
Cameron,President,REP,Donald J. Trump / Michael R. Pence,49032
Cameron,President,LIB,,1231
Camp,President,DEM,Joseph R. Biden / Kamala D. Harris,1394
Camp,President,REP,Donald J. Trump / Michael R. Pence,3626
Camp,President,LIB,,38
Carson,President,DEM,Joseph R. Biden / Kamala D. Harris,297
Carson,President,REP,Donald J. Trump / Michael R. Pence,2779
Carson,President,LIB,,40
Cass,President,DEM,Joseph R. Biden / Kamala D. Harris,2795
Cass,President,REP,Donald J. Trump / Michael R. Pence,11033
Cass,President,LIB,,99
Castro,President,DEM,Joseph R. Biden / Kamala D. Harris,466
Castro,President,REP,Donald J. Trump / Michael R. Pence,1602
Castro,President,LIB,,15
Chambers,President,DEM,Joseph R. Biden / Kamala D. Harris,3997
Chambers,President,REP,Donald J. Trump / Michael R. Pence,17353
Chambers,President,LIB,,302
Cherokee,President,DEM,Joseph R. Biden / Kamala D. Harris,4210
Cherokee,President,REP,Donald J. Trump / Michael R. Pence,15101
Cherokee,President,LIB,,197
Childress,President,DEM,Joseph R. Biden / Kamala D. Harris,310
Childress,President,REP,Donald J. Trump / Michael R. Pence,1943
Childress,President,LIB,,30
Clay,President,DEM,Joseph R. Biden / Kamala D. Harris,614
Clay,President,REP,Donald J. Trump / Michael R. Pence,5069
Clay,President,LIB,,69
Cochran,President,DEM,Joseph R. Biden / Kamala D. Harris,177
Cochran,President,REP,Donald J. Trump / Michael R. Pence,809
Cochran,President,LIB,,14
Coke,President,DEM,Joseph R. Biden / Kamala D. Harris,178
Coke,President,REP,Donald J. Trump / Michael R. Pence,1586
Coke,President,LIB,,15
Coleman,President,DEM,Joseph R. Biden / Kamala D. Harris,451
Coleman,President,REP,Donald J. Trump / Michael R. Pence,3641
Coleman,President,LIB,,37
Collin,President,DEM,Joseph R. Biden / Kamala D. Harris,230921
Collin,President,REP,Donald J. Trump / Michael R. Pence,252286
Collin,President,LIB,,8934
Collingsworth,President,DEM,Joseph R. Biden / Kamala D. Harris,155
Collingsworth,President,REP,Donald J. Trump / Michael R. Pence,1048
Collingsworth,President,LIB,,15
Colorado,President,DEM,Joseph R. Biden / Kamala D. Harris,2420
Colorado,President,REP,Donald J. Trump / Michael R. Pence,7472
Colorado,President,LIB,,83
Comal,President,DEM,Joseph R. Biden / Kamala D. Harris,24826
Comal,President,REP,Donald J. Trump / Michael R. Pence,62740
Comal,President,LIB,,1326
Comanche,President,DEM,Joseph R. Biden / Kamala D. Harris,853
Comanche,President,REP,Donald J. Trump / Michael R. Pence,5177
Comanche,President,LIB,,56
Concho,President,DEM,Joseph R. Biden / Kamala D. Harris,197
Concho,President,REP,Donald J. Trump / Michael R. Pence,1058
Concho,President,LIB,,13
Cooke,President,DEM,Joseph R. Biden / Kamala D. Harris,3210
Cooke,President,REP,Donald J. Trump / Michael R. Pence,15596
Cooke,President,LIB,,190
Coryell,President,DEM,Joseph R. Biden / Kamala D. Harris,7565
Coryell,President,REP,Donald J. Trump / Michael R. Pence,15438
Coryell,President,LIB,,532
Cottle,President,DEM,Joseph R. Biden / Kamala D. Harris,113
Cottle,President,REP,Donald J. Trump / Michael R. Pence,540
Cottle,President,LIB,,9
Crane,President,DEM,Joseph R. Biden / Kamala D. Harris,241
Crane,President,REP,Donald J. Trump / Michael R. Pence,1247
Crane,President,LIB,,16
Crockett,President,DEM,Joseph R. Biden / Kamala D. Harris,344
Crockett,President,REP,Donald J. Trump / Michael R. Pence,1220
Crockett,President,LIB,,10
Crosby,President,DEM,Joseph R. Biden / Kamala D. Harris,527
Crosby,President,REP,Donald J. Trump / Michael R. Pence,1396
Crosby,President,LIB,,30
Culberson,President,DEM,Joseph R. Biden / Kamala D. Harris,438
Culberson,President,REP,Donald J. Trump / Michael R. Pence,415
Culberson,President,LIB,,11
Dallam,President,DEM,Joseph R. Biden / Kamala D. Harris,197
Dallam,President,REP,Donald J. Trump / Michael R. Pence,1389
Dallam,President,LIB,,23
Dallas,President,DEM,Joseph R. Biden / Kamala D. Harris,598600
Dallas,President,REP,Donald J. Trump / Michael R. Pence,307108
Dallas,President,LIB,,13302
Dawson,President,DEM,Joseph R. Biden / Kamala D. Harris,808
Dawson,President,REP,Donald J. Trump / Michael R. Pence,2951
Dawson,President,LIB,,30
DeWitt,President,DEM,Joseph R. Biden / Kamala D. Harris,1494
DeWitt,President,REP,Donald J. Trump / Michael R. Pence,6567
DeWitt,President,LIB,,57
Deaf Smith,President,DEM,Joseph R. Biden / Kamala D. Harris,1264
Deaf Smith,President,REP,Donald J. Trump / Michael R. Pence,3294
Deaf Smith,President,LIB,,52
Delta,President,DEM,Joseph R. Biden / Kamala D. Harris,403
Delta,President,REP,Donald J. Trump / Michael R. Pence,2162
Delta,President,LIB,,27
Denton,President,DEM,Joseph R. Biden / Kamala D. Harris,188562
Denton,President,REP,Donald J. Trump / Michael R. Pence,222235
Denton,President,LIB,,6787
Dickens,President,DEM,Joseph R. Biden / Kamala D. Harris,130
Dickens,President,REP,Donald J. Trump / Michael R. Pence,853
Dickens,President,LIB,,5
Dimmit,President,DEM,Joseph R. Biden / Kamala D. Harris,2264
Dimmit,President,REP,Donald J. Trump / Michael R. Pence,1384
Dimmit,President,LIB,,18
Donley,President,DEM,Joseph R. Biden / Kamala D. Harris,198
Donley,President,REP,Donald J. Trump / Michael R. Pence,1438
Donley,President,LIB,,12
Duval,President,DEM,Joseph R. Biden / Kamala D. Harris,2575
Duval,President,REP,Donald J. Trump / Michael R. Pence,2443
Duval,President,LIB,,35
Eastland,President,DEM,Joseph R. Biden / Kamala D. Harris,983
Eastland,President,REP,Donald J. Trump / Michael R. Pence,7237
Eastland,President,LIB,,73
Ector,President,DEM,Joseph R. Biden / Kamala D. Harris,11367
Ector,President,REP,Donald J. Trump / Michael R. Pence,32697
Ector,President,LIB,,527
Edwards,President,DEM,Joseph R. Biden / Kamala D. Harris,168
Edwards,President,REP,Donald J. Trump / Michael R. Pence,893
Edwards,President,LIB,,5
El Paso,President,DEM,Joseph R. Biden / Kamala D. Harris,178126
El Paso,President,REP,Donald J. Trump / Michael R. Pence,84331
El Paso,President,LIB,,4191
Ellis,President,DEM,Joseph R. Biden / Kamala D. Harris,27567
Ellis,President,REP,Donald J. Trump / Michael R. Pence,56721
Ellis,President,LIB,,1406
Erath,President,DEM,Joseph R. Biden / Kamala D. Harris,2916
Erath,President,REP,Donald J. Trump / Michael R. Pence,13684
Erath,President,LIB,,277
Falls,President,DEM,Joseph R. Biden / Kamala D. Harris,1899
Falls,President,REP,Donald J. Trump / Michael R. Pence,4177
Falls,President,LIB,,57
Fannin,President,DEM,Joseph R. Biden / Kamala D. Harris,2655
Fannin,President,REP,Donald J. Trump / Michael R. Pence,12171
Fannin,President,LIB,,181
Fayette,President,DEM,Joseph R. Biden / Kamala D. Harris,2661
Fayette,President,REP,Donald J. Trump / Michael R. Pence,10171
Fayette,President,LIB,,148
Fisher,President,DEM,Joseph R. Biden / Kamala D. Harris,352
Fisher,President,REP,Donald J. Trump / Michael R. Pence,1448
Fisher,President,LIB,,26
Floyd,President,DEM,Joseph R. Biden / Kamala D. Harris,438
Floyd,President,REP,Donald J. Trump / Michael R. Pence,1584
Floyd,President,LIB,,18
Foard,President,DEM,Joseph R. Biden / Kamala D. Harris,99
Foard,President,REP,Donald J. Trump / Michael R. Pence,445
Foard,President,LIB,,7
Fort Bend,President,DEM,Joseph R. Biden / Kamala D. Harris,195536
Fort Bend,President,REP,Donald J. Trump / Michael R. Pence,157713
Fort Bend,President,LIB,,5062
Franklin,President,DEM,Joseph R. Biden / Kamala D. Harris,804
Franklin,President,REP,Donald J. Trump / Michael R. Pence,4161
Franklin,President,LIB,,44
Freestone,President,DEM,Joseph R. Biden / Kamala D. Harris,1635
Freestone,President,REP,Donald J. Trump / Michael R. Pence,6991
Freestone,President,LIB,,93
Frio,President,DEM,Joseph R. Biden / Kamala D. Harris,2422
Frio,President,REP,Donald J. Trump / Michael R. Pence,2823
Frio,President,LIB,,32
Gaines,President,DEM,Joseph R. Biden / Kamala D. Harris,576
Gaines,President,REP,Donald J. Trump / Michael R. Pence,5355
Gaines,President,LIB,,65
Galveston,President,DEM,Joseph R. Biden / Kamala D. Harris,58840
Galveston,President,REP,Donald J. Trump / Michael R. Pence,93907
Galveston,President,LIB,,2575
Garza,President,DEM,Joseph R. Biden / Kamala D. Harris,231
Garza,President,REP,Donald J. Trump / Michael R. Pence,1413
Garza,President,LIB,,9
Gillespie,President,DEM,Joseph R. Biden / Kamala D. Harris,3177
Gillespie,President,REP,Donald J. Trump / Michael R. Pence,12514
Gillespie,President,LIB,,160
Glasscock,President,DEM,Joseph R. Biden / Kamala D. Harris,39
Glasscock,President,REP,Donald J. Trump / Michael R. Pence,611
Glasscock,President,LIB,,3
Goliad,President,DEM,Joseph R. Biden / Kamala D. Harris,877
Goliad,President,REP,Donald J. Trump / Michael R. Pence,3085
Goliad,President,LIB,,32
Gonzales,President,DEM,Joseph R. Biden / Kamala D. Harris,1948
Gonzales,President,REP,Donald J. Trump / Michael R. Pence,5627
Gonzales,President,LIB,,72
Gray,President,DEM,Joseph R. Biden / Kamala D. Harris,829
Gray,President,REP,Donald J. Trump / Michael R. Pence,6840
Gray,President,LIB,,113
Grayson,President,DEM,Joseph R. Biden / Kamala D. Harris,14506
Grayson,President,REP,Donald J. Trump / Michael R. Pence,44163
Grayson,President,LIB,,907
Gregg,President,DEM,Joseph R. Biden / Kamala D. Harris,14796
Gregg,President,REP,Donald J. Trump / Michael R. Pence,32493
Gregg,President,LIB,,693
Grimes,President,DEM,Joseph R. Biden / Kamala D. Harris,2833
Grimes,President,REP,Donald J. Trump / Michael R. Pence,9432
Grimes,President,LIB,,149
Guadalupe,President,DEM,Joseph R. Biden / Kamala D. Harris,28805
Guadalupe,President,REP,Donald J. Trump / Michael R. Pence,47553
Guadalupe,President,LIB,,1400
Hale,President,DEM,Joseph R. Biden / Kamala D. Harris,2279
Hale,President,REP,Donald J. Trump / Michael R. Pence,7177
Hale,President,LIB,,130
Hall,President,DEM,Joseph R. Biden / Kamala D. Harris,168
Hall,President,REP,Donald J. Trump / Michael R. Pence,995
Hall,President,LIB,,6
Hamilton,President,DEM,Joseph R. Biden / Kamala D. Harris,639
Hamilton,President,REP,Donald J. Trump / Michael R. Pence,3610
Hamilton,President,LIB,,113
Hansford,President,DEM,Joseph R. Biden / Kamala D. Harris,166
Hansford,President,REP,Donald J. Trump / Michael R. Pence,1849
Hansford,President,LIB,,32
Hardeman,President,DEM,Joseph R. Biden / Kamala D. Harris,241
Hardeman,President,REP,Donald J. Trump / Michael R. Pence,1330
Hardeman,President,LIB,,9
Hardin,President,DEM,Joseph R. Biden / Kamala D. Harris,3474
Hardin,President,REP,Donald J. Trump / Michael R. Pence,23858
Hardin,President,LIB,,303
Harris,President,DEM,Joseph R. Biden / Kamala D. Harris,918196
Harris,President,REP,Donald J. Trump / Michael R. Pence,700624
Harris,President,LIB,,21995
Harrison,President,DEM,Joseph R. Biden / Kamala D. Harris,7908
Harrison,President,REP,Donald J. Trump / Michael R. Pence,21466
Harrison,President,LIB,,343
Hartley,President,DEM,Joseph R. Biden / Kamala D. Harris,195
Hartley,President,REP,Donald J. Trump / Michael R. Pence,1868
Hartley,President,LIB,,15
Haskell,President,DEM,Joseph R. Biden / Kamala D. Harris,353
Haskell,President,REP,Donald J. Trump / Michael R. Pence,1840
Haskell,President,LIB,,21
Hays,President,DEM,Joseph R. Biden / Kamala D. Harris,59477
Hays,President,REP,Donald J. Trump / Michael R. Pence,47644
Hays,President,LIB,,2191
Hemphill,President,DEM,Joseph R. Biden / Kamala D. Harris,206
Hemphill,President,REP,Donald J. Trump / Michael R. Pence,1486
Hemphill,President,LIB,,28
Henderson,President,DEM,Joseph R. Biden / Kamala D. Harris,7060
Henderson,President,REP,Donald J. Trump / Michael R. Pence,28911
Henderson,President,LIB,,397
Hidalgo,President,DEM,Joseph R. Biden / Kamala D. Harris,128199
Hidalgo,President,REP,Donald J. Trump / Michael R. Pence,90527
Hidalgo,President,LIB,,2158
Hill,President,DEM,Joseph R. Biden / Kamala D. Harris,2860
Hill,President,REP,Donald J. Trump / Michael R. Pence,11926
Hill,President,LIB,,145
Hockley,President,DEM,Joseph R. Biden / Kamala D. Harris,1482
Hockley,President,REP,Donald J. Trump / Michael R. Pence,6536
Hockley,President,LIB,,84
Hood,President,DEM,Joseph R. Biden / Kamala D. Harris,5701
Hood,President,REP,Donald J. Trump / Michael R. Pence,26672
Hood,President,LIB,,455
Hopkins,President,DEM,Joseph R. Biden / Kamala D. Harris,3046
Hopkins,President,REP,Donald J. Trump / Michael R. Pence,12719
Hopkins,President,LIB,,176
Houston,President,DEM,Joseph R. Biden / Kamala D. Harris,2314
Houston,President,REP,Donald J. Trump / Michael R. Pence,7060
Houston,President,LIB,,74
Howard,President,DEM,Joseph R. Biden / Kamala D. Harris,2069
Howard,President,REP,Donald J. Trump / Michael R. Pence,8054
Howard,President,LIB,,117
Hudspeth,President,DEM,Joseph R. Biden / Kamala D. Harris,371
Hudspeth,President,REP,Donald J. Trump / Michael R. Pence,779
Hudspeth,President,LIB,,15
Hunt,President,DEM,Joseph R. Biden / Kamala D. Harris,8906
Hunt,President,REP,Donald J. Trump / Michael R. Pence,29163
Hunt,President,LIB,,528
Hutchinson,President,DEM,Joseph R. Biden / Kamala D. Harris,965
Hutchinson,President,REP,Donald J. Trump / Michael R. Pence,7681
Hutchinson,President,LIB,,139
Irion,President,DEM,Joseph R. Biden / Kamala D. Harris,120
Irion,President,REP,Donald J. Trump / Michael R. Pence,763
Irion,President,LIB,,10
Jack,President,DEM,Joseph R. Biden / Kamala D. Harris,331
Jack,President,REP,Donald J. Trump / Michael R. Pence,3418
Jack,President,LIB,,33
Jackson,President,DEM,Joseph R. Biden / Kamala D. Harris,1033
Jackson,President,REP,Donald J. Trump / Michael R. Pence,5231
Jackson,President,LIB,,87
Jasper,President,DEM,Joseph R. Biden / Kamala D. Harris,2954
Jasper,President,REP,Donald J. Trump / Michael R. Pence,12542
Jasper,President,LIB,,131
Jeff Davis,President,DEM,Joseph R. Biden / Kamala D. Harris,501
Jeff Davis,President,REP,Donald J. Trump / Michael R. Pence,784
Jeff Davis,President,LIB,,20
Jefferson,President,DEM,Joseph R. Biden / Kamala D. Harris,46073
Jefferson,President,REP,Donald J. Trump / Michael R. Pence,47570
Jefferson,President,LIB,,1116
Jim Hogg,President,DEM,Joseph R. Biden / Kamala D. Harris,1197
Jim Hogg,President,REP,Donald J. Trump / Michael R. Pence,833
Jim Hogg,President,LIB,,6
Jim Wells,President,DEM,Joseph R. Biden / Kamala D. Harris,6119
Jim Wells,President,REP,Donald J. Trump / Michael R. Pence,7453
Jim Wells,President,LIB,,110
Johnson,President,DEM,Joseph R. Biden / Kamala D. Harris,16462
Johnson,President,REP,Donald J. Trump / Michael R. Pence,54624
Johnson,President,LIB,,927
Jones,President,DEM,Joseph R. Biden / Kamala D. Harris,999
Jones,President,REP,Donald J. Trump / Michael R. Pence,5660
Jones,President,LIB,,88
Karnes,President,DEM,Joseph R. Biden / Kamala D. Harris,1234
Karnes,President,REP,Donald J. Trump / Michael R. Pence,3968
Karnes,President,LIB,,51
Kaufman,President,DEM,Joseph R. Biden / Kamala D. Harris,18405
Kaufman,President,REP,Donald J. Trump / Michael R. Pence,37624
Kaufman,President,LIB,,674
Kendall,President,DEM,Joseph R. Biden / Kamala D. Harris,6020
Kendall,President,REP,Donald J. Trump / Michael R. Pence,20083
Kendall,President,LIB,,413
Kenedy,President,DEM,Joseph R. Biden / Kamala D. Harris,65
Kenedy,President,REP,Donald J. Trump / Michael R. Pence,127
Kenedy,President,LIB,,2
Kent,President,DEM,Joseph R. Biden / Kamala D. Harris,47
Kent,President,REP,Donald J. Trump / Michael R. Pence,408
Kent,President,LIB,,4
Kerr,President,DEM,Joseph R. Biden / Kamala D. Harris,6524
Kerr,President,REP,Donald J. Trump / Michael R. Pence,20879
Kerr,President,LIB,,342
Kimble,President,DEM,Joseph R. Biden / Kamala D. Harris,284
Kimble,President,REP,Donald J. Trump / Michael R. Pence,1987
Kimble,President,LIB,,21
King,President,DEM,Joseph R. Biden / Kamala D. Harris,8
King,President,REP,Donald J. Trump / Michael R. Pence,151
Kinney,President,DEM,Joseph R. Biden / Kamala D. Harris,446
Kinney,President,REP,Donald J. Trump / Michael R. Pence,1144
Kinney,President,LIB,,14
Kleberg,President,DEM,Joseph R. Biden / Kamala D. Harris,5381
Kleberg,President,REP,Donald J. Trump / Michael R. Pence,5575
Kleberg,President,LIB,,141
Knox,President,DEM,Joseph R. Biden / Kamala D. Harris,265
Knox,President,REP,Donald J. Trump / Michael R. Pence,1180
Knox,President,LIB,,11
La Salle,President,DEM,Joseph R. Biden / Kamala D. Harris,1052
La Salle,President,REP,Donald J. Trump / Michael R. Pence,1335
La Salle,President,LIB,,19
Lamar,President,DEM,Joseph R. Biden / Kamala D. Harris,4458
Lamar,President,REP,Donald J. Trump / Michael R. Pence,16760
Lamar,President,LIB,,224
Lamb,President,DEM,Joseph R. Biden / Kamala D. Harris,840
Lamb,President,REP,Donald J. Trump / Michael R. Pence,3521
Lamb,President,LIB,,57
Lampasas,President,DEM,Joseph R. Biden / Kamala D. Harris,2144
Lampasas,President,REP,Donald J. Trump / Michael R. Pence,8086
Lampasas,President,LIB,,169
Lavaca,President,DEM,Joseph R. Biden / Kamala D. Harris,1333
Lavaca,President,REP,Donald J. Trump / Michael R. Pence,8804
Lavaca,President,LIB,,68
Lee,President,DEM,Joseph R. Biden / Kamala D. Harris,1750
Lee,President,REP,Donald J. Trump / Michael R. Pence,6255
Lee,President,LIB,,95
Leon,President,DEM,Joseph R. Biden / Kamala D. Harris,1072
Leon,President,REP,Donald J. Trump / Michael R. Pence,7523
Leon,President,LIB,,90
Liberty,President,DEM,Joseph R. Biden / Kamala D. Harris,5785
Liberty,President,REP,Donald J. Trump / Michael R. Pence,23302
Liberty,President,LIB,,247
Limestone,President,DEM,Joseph R. Biden / Kamala D. Harris,2213
Limestone,President,REP,Donald J. Trump / Michael R. Pence,6789
Limestone,President,LIB,,93
Lipscomb,President,DEM,Joseph R. Biden / Kamala D. Harris,131
Lipscomb,President,REP,Donald J. Trump / Michael R. Pence,1205
Lipscomb,President,LIB,,17
Live Oak,President,DEM,Joseph R. Biden / Kamala D. Harris,820
Live Oak,President,REP,Donald J. Trump / Michael R. Pence,4201
Live Oak,President,LIB,,37
Llano,President,DEM,Joseph R. Biden / Kamala D. Harris,2465
Llano,President,REP,Donald J. Trump / Michael R. Pence,10079
Llano,President,LIB,,116
Loving,President,DEM,Joseph R. Biden / Kamala D. Harris,4
Loving,President,REP,Donald J. Trump / Michael R. Pence,60
Loving,President,LIB,,2
Lubbock,President,DEM,Joseph R. Biden / Kamala D. Harris,40017
Lubbock,President,REP,Donald J. Trump / Michael R. Pence,78861
Lubbock,President,LIB,,1939
Lynn,President,DEM,Joseph R. Biden / Kamala D. Harris,429
Lynn,President,REP,Donald J. Trump / Michael R. Pence,1853
Lynn,President,LIB,,13
Madison,President,DEM,Joseph R. Biden / Kamala D. Harris,1088
Madison,President,REP,Donald J. Trump / Michael R. Pence,4169
Madison,President,LIB,,41
Marion,President,DEM,Joseph R. Biden / Kamala D. Harris,1339
Marion,President,REP,Donald J. Trump / Michael R. Pence,3470
Marion,President,LIB,,55
Martin,President,DEM,Joseph R. Biden / Kamala D. Harris,288
Martin,President,REP,Donald J. Trump / Michael R. Pence,1857
Martin,President,LIB,,15
Mason,President,DEM,Joseph R. Biden / Kamala D. Harris,457
Mason,President,REP,Donald J. Trump / Michael R. Pence,1991
Mason,President,LIB,,26
Matagorda,President,DEM,Joseph R. Biden / Kamala D. Harris,3733
Matagorda,President,REP,Donald J. Trump / Michael R. Pence,9845
Matagorda,President,LIB,,149
Maverick,President,DEM,Joseph R. Biden / Kamala D. Harris,8326
Maverick,President,REP,Donald J. Trump / Michael R. Pence,6881
Maverick,President,LIB,,133
McCulloch,President,DEM,Joseph R. Biden / Kamala D. Harris,490
McCulloch,President,REP,Donald J. Trump / Michael R. Pence,2904
McCulloch,President,LIB,,42
McLennan,President,DEM,Joseph R. Biden / Kamala D. Harris,36688
McLennan,President,REP,Donald J. Trump / Michael R. Pence,59543
McLennan,President,LIB,,1641
McMullen,President,DEM,Joseph R. Biden / Kamala D. Harris,53
McMullen,President,REP,Donald J. Trump / Michael R. Pence,460
McMullen,President,LIB,,3
Medina,President,DEM,Joseph R. Biden / Kamala D. Harris,6773
Medina,President,REP,Donald J. Trump / Michael R. Pence,15642
Medina,President,LIB,,242
Menard,President,DEM,Joseph R. Biden / Kamala D. Harris,197
Menard,President,REP,Donald J. Trump / Michael R. Pence,823
Menard,President,LIB,,8
Midland,President,DEM,Joseph R. Biden / Kamala D. Harris,12329
Midland,President,REP,Donald J. Trump / Michael R. Pence,45624
Midland,President,LIB,,903
Milam,President,DEM,Joseph R. Biden / Kamala D. Harris,2496
Milam,President,REP,Donald J. Trump / Michael R. Pence,7984
Milam,President,LIB,,98
Mills,President,DEM,Joseph R. Biden / Kamala D. Harris,271
Mills,President,REP,Donald J. Trump / Michael R. Pence,2217
Mills,President,LIB,,17
Mitchell,President,DEM,Joseph R. Biden / Kamala D. Harris,397
Mitchell,President,REP,Donald J. Trump / Michael R. Pence,2170
Mitchell,President,LIB,,13
Montague,President,DEM,Joseph R. Biden / Kamala D. Harris,1097
Montague,President,REP,Donald J. Trump / Michael R. Pence,8615
Montague,President,LIB,,120
Montgomery,President,DEM,Joseph R. Biden / Kamala D. Harris,74377
Montgomery,President,REP,Donald J. Trump / Michael R. Pence,193382
Montgomery,President,LIB,,3784
Moore,President,DEM,Joseph R. Biden / Kamala D. Harris,1062
Moore,President,REP,Donald J. Trump / Michael R. Pence,4359
Moore,President,LIB,,87
Morris,President,DEM,Joseph R. Biden / Kamala D. Harris,1664
Morris,President,REP,Donald J. Trump / Michael R. Pence,3841
Morris,President,LIB,,46
Motley,President,DEM,Joseph R. Biden / Kamala D. Harris,46
Motley,President,REP,Donald J. Trump / Michael R. Pence,604
Motley,President,LIB,,2
Nacogdoches,President,DEM,Joseph R. Biden / Kamala D. Harris,9000
Nacogdoches,President,REP,Donald J. Trump / Michael R. Pence,17378
Nacogdoches,President,LIB,,407
Navarro,President,DEM,Joseph R. Biden / Kamala D. Harris,5101
Navarro,President,REP,Donald J. Trump / Michael R. Pence,13800
Navarro,President,LIB,,250
Newton,President,DEM,Joseph R. Biden / Kamala D. Harris,1173
Newton,President,REP,Donald J. Trump / Michael R. Pence,4882
Newton,President,LIB,,39
Nolan,President,DEM,Joseph R. Biden / Kamala D. Harris,1162
Nolan,President,REP,Donald J. Trump / Michael R. Pence,4131
Nolan,President,LIB,,74
Nueces,President,DEM,Joseph R. Biden / Kamala D. Harris,60925
Nueces,President,REP,Donald J. Trump / Michael R. Pence,64617
Nueces,President,LIB,,2009
Ochiltree,President,DEM,Joseph R. Biden / Kamala D. Harris,302
Ochiltree,President,REP,Donald J. Trump / Michael R. Pence,2812
Ochiltree,President,LIB,,45
Oldham,President,DEM,Joseph R. Biden / Kamala D. Harris,81
Oldham,President,REP,Donald J. Trump / Michael R. Pence,917
Oldham,President,LIB,,13
Orange,President,DEM,Joseph R. Biden / Kamala D. Harris,6357
Orange,President,REP,Donald J. Trump / Michael R. Pence,29186
Orange,President,LIB,,451
Palo Pinto,President,DEM,Joseph R. Biden / Kamala D. Harris,2178
Palo Pinto,President,REP,Donald J. Trump / Michael R. Pence,10179
Palo Pinto,President,LIB,,136
Panola,President,DEM,Joseph R. Biden / Kamala D. Harris,2057
Panola,President,REP,Donald J. Trump / Michael R. Pence,9326
Panola,President,LIB,,75
Parker,President,DEM,Joseph R. Biden / Kamala D. Harris,13017
Parker,President,REP,Donald J. Trump / Michael R. Pence,62045
Parker,President,LIB,,1066
Parmer,President,DEM,Joseph R. Biden / Kamala D. Harris,488
Parmer,President,REP,Donald J. Trump / Michael R. Pence,2135
Parmer,President,LIB,,27
Pecos,President,DEM,Joseph R. Biden / Kamala D. Harris,1382
Pecos,President,REP,Donald J. Trump / Michael R. Pence,3215
Pecos,President,LIB,,78
Polk,President,DEM,Joseph R. Biden / Kamala D. Harris,5387
Polk,President,REP,Donald J. Trump / Michael R. Pence,18573
Polk,President,LIB,,226
Potter,President,DEM,Joseph R. Biden / Kamala D. Harris,9921
Potter,President,REP,Donald J. Trump / Michael R. Pence,22820
Potter,President,LIB,,596
Presidio,President,DEM,Joseph R. Biden / Kamala D. Harris,1463
Presidio,President,REP,Donald J. Trump / Michael R. Pence,721
Presidio,President,LIB,,35
Rains,President,DEM,Joseph R. Biden / Kamala D. Harris,842
Rains,President,REP,Donald J. Trump / Michael R. Pence,5155
Rains,President,LIB,,56
Randall,President,DEM,Joseph R. Biden / Kamala D. Harris,12802
Randall,President,REP,Donald J. Trump / Michael R. Pence,50796
Randall,President,LIB,,1076
Reagan,President,DEM,Joseph R. Biden / Kamala D. Harris,172
Reagan,President,REP,Donald J. Trump / Michael R. Pence,942
Reagan,President,LIB,,10
Real,President,DEM,Joseph R. Biden / Kamala D. Harris,320
Real,President,REP,Donald J. Trump / Michael R. Pence,1643
Real,President,LIB,,19
Red River,President,DEM,Joseph R. Biden / Kamala D. Harris,1246
Red River,President,REP,Donald J. Trump / Michael R. Pence,4517
Red River,President,LIB,,49
Reeves,President,DEM,Joseph R. Biden / Kamala D. Harris,1395
Reeves,President,REP,Donald J. Trump / Michael R. Pence,2254
Reeves,President,LIB,,42
Refugio,President,DEM,Joseph R. Biden / Kamala D. Harris,1108
Refugio,President,REP,Donald J. Trump / Michael R. Pence,2210
Refugio,President,LIB,,48
Roberts,President,DEM,Joseph R. Biden / Kamala D. Harris,17
Roberts,President,REP,Donald J. Trump / Michael R. Pence,529
Roberts,President,LIB,,4
Robertson,President,DEM,Joseph R. Biden / Kamala D. Harris,2374
Robertson,President,REP,Donald J. Trump / Michael R. Pence,5646
Robertson,President,LIB,,90
Rockwall,President,DEM,Joseph R. Biden / Kamala D. Harris,16413
Rockwall,President,REP,Donald J. Trump / Michael R. Pence,36728
Rockwall,President,LIB,,891
Runnels,President,DEM,Joseph R. Biden / Kamala D. Harris,552
Runnels,President,REP,Donald J. Trump / Michael R. Pence,3807
Runnels,President,LIB,,50
Rusk,President,DEM,Joseph R. Biden / Kamala D. Harris,4629
Rusk,President,REP,Donald J. Trump / Michael R. Pence,16534
Rusk,President,LIB,,233
Sabine,President,DEM,Joseph R. Biden / Kamala D. Harris,669
Sabine,President,REP,Donald J. Trump / Michael R. Pence,4784
Sabine,President,LIB,,38
San Augustine,President,DEM,Joseph R. Biden / Kamala D. Harris,980
San Augustine,President,REP,Donald J. Trump / Michael R. Pence,3007
San Augustine,President,LIB,,15
San Jacinto,President,DEM,Joseph R. Biden / Kamala D. Harris,2337
San Jacinto,President,REP,Donald J. Trump / Michael R. Pence,10161
San Jacinto,President,LIB,,142
San Patricio,President,DEM,Joseph R. Biden / Kamala D. Harris,8988
San Patricio,President,REP,Donald J. Trump / Michael R. Pence,16516
San Patricio,President,LIB,,387
San Saba,President,DEM,Joseph R. Biden / Kamala D. Harris,287
San Saba,President,REP,Donald J. Trump / Michael R. Pence,2308
San Saba,President,LIB,,7
Schleicher,President,DEM,Joseph R. Biden / Kamala D. Harris,211
Schleicher,President,REP,Donald J. Trump / Michael R. Pence,940
Schleicher,President,LIB,,8
Scurry,President,DEM,Joseph R. Biden / Kamala D. Harris,818
Scurry,President,REP,Donald J. Trump / Michael R. Pence,4983
Scurry,President,LIB,,68
Shackelford,President,DEM,Joseph R. Biden / Kamala D. Harris,130
Shackelford,President,REP,Donald J. Trump / Michael R. Pence,1484
Shackelford,President,LIB,,15
Shelby,President,DEM,Joseph R. Biden / Kamala D. Harris,2068
Shelby,President,REP,Donald J. Trump / Michael R. Pence,7975
Shelby,President,LIB,,44
Sherman,President,DEM,Joseph R. Biden / Kamala D. Harris,91
Sherman,President,REP,Donald J. Trump / Michael R. Pence,886
Sherman,President,LIB,,15
Smith,President,DEM,Joseph R. Biden / Kamala D. Harris,29615
Smith,President,REP,Donald J. Trump / Michael R. Pence,69080
Smith,President,LIB,,1380
Somervell,President,DEM,Joseph R. Biden / Kamala D. Harris,768
Somervell,President,REP,Donald J. Trump / Michael R. Pence,4105
Somervell,President,LIB,,84
Starr,President,DEM,Joseph R. Biden / Kamala D. Harris,9148
Starr,President,REP,Donald J. Trump / Michael R. Pence,8259
Starr,President,LIB,,176
Stephens,President,DEM,Joseph R. Biden / Kamala D. Harris,397
Stephens,President,REP,Donald J. Trump / Michael R. Pence,3385
Stephens,President,LIB,,23
Sterling,President,DEM,Joseph R. Biden / Kamala D. Harris,51
Sterling,President,REP,Donald J. Trump / Michael R. Pence,584
Sterling,President,LIB,,4
Stonewall,President,DEM,Joseph R. Biden / Kamala D. Harris,116
Stonewall,President,REP,Donald J. Trump / Michael R. Pence,615
Stonewall,President,LIB,,5
Sutton,President,DEM,Joseph R. Biden / Kamala D. Harris,322
Sutton,President,REP,Donald J. Trump / Michael R. Pence,1222
Sutton,President,LIB,,15
Swisher,President,DEM,Joseph R. Biden / Kamala D. Harris,478
Swisher,President,REP,Donald J. Trump / Michael R. Pence,1845
Swisher,President,LIB,,33
Tarrant,President,DEM,Joseph R. Biden / Kamala D. Harris,411697
Tarrant,President,REP,Donald J. Trump / Michael R. Pence,409982
Tarrant,President,LIB,,13391
Taylor,President,DEM,Joseph R. Biden / Kamala D. Harris,14588
Taylor,President,REP,Donald J. Trump / Michael R. Pence,39547
Taylor,President,LIB,,1098
Terrell,President,DEM,Joseph R. Biden / Kamala D. Harris,119
Terrell,President,REP,Donald J. Trump / Michael R. Pence,334
Terrell,President,LIB,,5
Terry,President,DEM,Joseph R. Biden / Kamala D. Harris,757
Terry,President,REP,Donald J. Trump / Michael R. Pence,2812
Terry,President,LIB,,43
Throckmorton,President,DEM,Joseph R. Biden / Kamala D. Harris,82
Throckmorton,President,REP,Donald J. Trump / Michael R. Pence,806
Throckmorton,President,LIB,,6
Titus,President,DEM,Joseph R. Biden / Kamala D. Harris,2856
Titus,President,REP,Donald J. Trump / Michael R. Pence,7570
Titus,President,LIB,,115
Tom Green,President,DEM,Joseph R. Biden / Kamala D. Harris,12239
Tom Green,President,REP,Donald J. Trump / Michael R. Pence,32313
Tom Green,President,LIB,,658
Travis,President,DEM,Joseph R. Biden / Kamala D. Harris,435954
Travis,President,REP,Donald J. Trump / Michael R. Pence,161398
Travis,President,LIB,,13155
Trinity,President,DEM,Joseph R. Biden / Kamala D. Harris,1323
Trinity,President,REP,Donald J. Trump / Michael R. Pence,5579
Trinity,President,LIB,,36
Tyler,President,DEM,Joseph R. Biden / Kamala D. Harris,1403
Tyler,President,REP,Donald J. Trump / Michael R. Pence,8194
Tyler,President,LIB,,76
Upshur,President,DEM,Joseph R. Biden / Kamala D. Harris,2877
Upshur,President,REP,Donald J. Trump / Michael R. Pence,15809
Upshur,President,LIB,,206
Upton,President,DEM,Joseph R. Biden / Kamala D. Harris,169
Upton,President,REP,Donald J. Trump / Michael R. Pence,1170
Upton,President,LIB,,20
Uvalde,President,DEM,Joseph R. Biden / Kamala D. Harris,4073
Uvalde,President,REP,Donald J. Trump / Michael R. Pence,6174
Uvalde,President,LIB,,97
Val Verde,President,DEM,Joseph R. Biden / Kamala D. Harris,6770
Val Verde,President,REP,Donald J. Trump / Michael R. Pence,8284
Val Verde,President,LIB,,217
Van Zandt,President,DEM,Joseph R. Biden / Kamala D. Harris,3516
Van Zandt,President,REP,Donald J. Trump / Michael R. Pence,22270
Van Zandt,President,LIB,,208
Victoria,President,DEM,Joseph R. Biden / Kamala D. Harris,10380
Victoria,President,REP,Donald J. Trump / Michael R. Pence,23358
Victoria,President,LIB,,488
Walker,President,DEM,Joseph R. Biden / Kamala D. Harris,7884
Walker,President,REP,Donald J. Trump / Michael R. Pence,15375
Walker,President,LIB,,399
Waller,President,DEM,Joseph R. Biden / Kamala D. Harris,8195
Waller,President,REP,Donald J. Trump / Michael R. Pence,14270
Waller,President,LIB,,283
Ward,President,DEM,Joseph R. Biden / Kamala D. Harris,764
Ward,President,REP,Donald J. Trump / Michael R. Pence,3241
Ward,President,LIB,,40
Washington,President,DEM,Joseph R. Biden / Kamala D. Harris,4261
Washington,President,REP,Donald J. Trump / Michael R. Pence,12959
Washington,President,LIB,,229
Webb,President,DEM,Joseph R. Biden / Kamala D. Harris,41842
Webb,President,REP,Donald J. Trump / Michael R. Pence,25904
Webb,President,LIB,,788
Wharton,President,DEM,Joseph R. Biden / Kamala D. Harris,4694
Wharton,President,REP,Donald J. Trump / Michael R. Pence,11926
Wharton,President,LIB,,156
Wheeler,President,DEM,Joseph R. Biden / Kamala D. Harris,168
Wheeler,President,REP,Donald J. Trump / Michael R. Pence,2159
Wheeler,President,LIB,,10
Wichita,President,DEM,Joseph R. Biden / Kamala D. Harris,13161
Wichita,President,REP,Donald J. Trump / Michael R. Pence,32069
Wichita,President,LIB,,810
Wilbarger,President,DEM,Joseph R. Biden / Kamala D. Harris,956
Wilbarger,President,REP,Donald J. Trump / Michael R. Pence,3524
Wilbarger,President,LIB,,44
Willacy,President,DEM,Joseph R. Biden / Kamala D. Harris,3108
Willacy,President,REP,Donald J. Trump / Michael R. Pence,2441
Willacy,President,LIB,,41
Williamson,President,DEM,Joseph R. Biden / Kamala D. Harris,143750
Williamson,President,REP,Donald J. Trump / Michael R. Pence,139706
Williamson,President,LIB,,6678
Wilson,President,DEM,Joseph R. Biden / Kamala D. Harris,6350
Wilson,President,REP,Donald J. Trump / Michael R. Pence,18463
Wilson,President,LIB,,219
Winkler,President,DEM,Joseph R. Biden / Kamala D. Harris,358
Winkler,President,REP,Donald J. Trump / Michael R. Pence,1753
Winkler,President,LIB,,15
Wise,President,DEM,Joseph R. Biden / Kamala D. Harris,4973
Wise,President,REP,Donald J. Trump / Michael R. Pence,27032
Wise,President,LIB,,360
Wood,President,DEM,Joseph R. Biden / Kamala D. Harris,3509
Wood,President,REP,Donald J. Trump / Michael R. Pence,19049
Wood,President,LIB,,221
Yoakum,President,DEM,Joseph R. Biden / Kamala D. Harris,420
Yoakum,President,REP,Donald J. Trump / Michael R. Pence,2174
Yoakum,President,LIB,,42
Young,President,DEM,Joseph R. Biden / Kamala D. Harris,1034
Young,President,REP,Donald J. Trump / Michael R. Pence,7110
Young,President,LIB,,95
Zapata,President,DEM,Joseph R. Biden / Kamala D. Harris,1826
Zapata,President,REP,Donald J. Trump / Michael R. Pence,2033
Zapata,President,LIB,,19
Zavala,President,DEM,Joseph R. Biden / Kamala D. Harris,2864
Zavala,President,REP,Donald J. Trump / Michael R. Pence,1490
Zavala,President,LIB,,28
Anderson,U.S. Senate,DEM,"Mary ""MJ"" Hegar",3792
Anderson,U.S. Senate,REP,John Cornyn,14943
Anderson,U.S. Senate,LIB,,337
Andrews,U.S. Senate,DEM,"Mary ""MJ"" Hegar",779
Andrews,U.S. Senate,REP,John Cornyn,4894
Andrews,U.S. Senate,LIB,,127
Angelina,U.S. Senate,DEM,"Mary ""MJ"" Hegar",8771
Angelina,U.S. Senate,REP,John Cornyn,24962
Angelina,U.S. Senate,LIB,,622
Aransas,U.S. Senate,DEM,"Mary ""MJ"" Hegar",2729
Aransas,U.S. Senate,REP,John Cornyn,9189
Aransas,U.S. Senate,LIB,,246
Archer,U.S. Senate,DEM,"Mary ""MJ"" Hegar",467
Archer,U.S. Senate,REP,John Cornyn,4178
Archer,U.S. Senate,LIB,,79
Armstrong,U.S. Senate,DEM,"Mary ""MJ"" Hegar",64
Armstrong,U.S. Senate,REP,John Cornyn,1025
Armstrong,U.S. Senate,LIB,,17
Atascosa,U.S. Senate,DEM,"Mary ""MJ"" Hegar",5588
Atascosa,U.S. Senate,REP,John Cornyn,11906
Atascosa,U.S. Senate,LIB,,400
Austin,U.S. Senate,DEM,"Mary ""MJ"" Hegar",2752
Austin,U.S. Senate,REP,John Cornyn,11454
Austin,U.S. Senate,LIB,,272
Bailey,U.S. Senate,DEM,"Mary ""MJ"" Hegar",383
Bailey,U.S. Senate,REP,John Cornyn,1400
Bailey,U.S. Senate,LIB,,39
Bandera,U.S. Senate,DEM,"Mary ""MJ"" Hegar",2291
Bandera,U.S. Senate,REP,John Cornyn,9957
Bandera,U.S. Senate,LIB,,289
Bastrop,U.S. Senate,DEM,"Mary ""MJ"" Hegar",15071
Bastrop,U.S. Senate,REP,John Cornyn,20468
Bastrop,U.S. Senate,LIB,,965
Baylor,U.S. Senate,DEM,"Mary ""MJ"" Hegar",177
Baylor,U.S. Senate,REP,John Cornyn,1462
Baylor,U.S. Senate,LIB,,39
Bee,U.S. Senate,DEM,"Mary ""MJ"" Hegar",3103
Bee,U.S. Senate,REP,John Cornyn,5713
Bee,U.S. Senate,LIB,,229
Bell,U.S. Senate,DEM,"Mary ""MJ"" Hegar",54413
Bell,U.S. Senate,REP,John Cornyn,68934
Bell,U.S. Senate,LIB,,3452
Bexar,U.S. Senate,DEM,"Mary ""MJ"" Hegar",411328
Bexar,U.S. Senate,REP,John Cornyn,320095
Bexar,U.S. Senate,LIB,,21512
Blanco,U.S. Senate,DEM,"Mary ""MJ"" Hegar",1816
Blanco,U.S. Senate,REP,John Cornyn,5457
Blanco,U.S. Senate,LIB,,135
Borden,U.S. Senate,DEM,"Mary ""MJ"" Hegar",18
Borden,U.S. Senate,REP,John Cornyn,390
Borden,U.S. Senate,LIB,,3
Bosque,U.S. Senate,DEM,"Mary ""MJ"" Hegar",1490
Bosque,U.S. Senate,REP,John Cornyn,7367
Bosque,U.S. Senate,LIB,,181
Bowie,U.S. Senate,DEM,"Mary ""MJ"" Hegar",10406
Bowie,U.S. Senate,REP,John Cornyn,26908
Bowie,U.S. Senate,LIB,,617
Brazoria,U.S. Senate,DEM,"Mary ""MJ"" Hegar",58767
Brazoria,U.S. Senate,REP,John Cornyn,90710
Brazoria,U.S. Senate,LIB,,3898
Brazos,U.S. Senate,DEM,"Mary ""MJ"" Hegar",32098
Brazos,U.S. Senate,REP,John Cornyn,49346
Brazos,U.S. Senate,LIB,,2705
Brewster,U.S. Senate,DEM,"Mary ""MJ"" Hegar",2167
Brewster,U.S. Senate,REP,John Cornyn,2453
Brewster,U.S. Senate,LIB,,148
Briscoe,U.S. Senate,DEM,"Mary ""MJ"" Hegar",79
Briscoe,U.S. Senate,REP,John Cornyn,625
Briscoe,U.S. Senate,LIB,,11
Brooks,U.S. Senate,DEM,"Mary ""MJ"" Hegar",1425
Brooks,U.S. Senate,REP,John Cornyn,859
Brooks,U.S. Senate,LIB,,72
Brown,U.S. Senate,DEM,"Mary ""MJ"" Hegar",1965
Brown,U.S. Senate,REP,John Cornyn,13482
Brown,U.S. Senate,LIB,,308
Burleson,U.S. Senate,DEM,"Mary ""MJ"" Hegar",1709
Burleson,U.S. Senate,REP,John Cornyn,6596
Burleson,U.S. Senate,LIB,,184
Burnet,U.S. Senate,DEM,"Mary ""MJ"" Hegar",5323
Burnet,U.S. Senate,REP,John Cornyn,18687
Burnet,U.S. Senate,LIB,,530
Caldwell,U.S. Senate,DEM,"Mary ""MJ"" Hegar",6447
Caldwell,U.S. Senate,REP,John Cornyn,8042
Caldwell,U.S. Senate,LIB,,375
Calhoun,U.S. Senate,DEM,"Mary ""MJ"" Hegar",2092
Calhoun,U.S. Senate,REP,John Cornyn,5531
Calhoun,U.S. Senate,LIB,,122
Callahan,U.S. Senate,DEM,"Mary ""MJ"" Hegar",680
Callahan,U.S. Senate,REP,John Cornyn,5892
Callahan,U.S. Senate,LIB,,147
Cameron,U.S. Senate,DEM,"Mary ""MJ"" Hegar",61508
Cameron,U.S. Senate,REP,John Cornyn,46482
Cameron,U.S. Senate,LIB,,3230
Camp,U.S. Senate,DEM,"Mary ""MJ"" Hegar",1359
Camp,U.S. Senate,REP,John Cornyn,3597
Camp,U.S. Senate,LIB,,79
Carson,U.S. Senate,DEM,"Mary ""MJ"" Hegar",286
Carson,U.S. Senate,REP,John Cornyn,2756
Carson,U.S. Senate,LIB,,68
Cass,U.S. Senate,DEM,"Mary ""MJ"" Hegar",2672
Cass,U.S. Senate,REP,John Cornyn,10796
Cass,U.S. Senate,LIB,,205
Castro,U.S. Senate,DEM,"Mary ""MJ"" Hegar",432
Castro,U.S. Senate,REP,John Cornyn,1572
Castro,U.S. Senate,LIB,,37
Chambers,U.S. Senate,DEM,"Mary ""MJ"" Hegar",3786
Chambers,U.S. Senate,REP,John Cornyn,17037
Chambers,U.S. Senate,LIB,,530
Cherokee,U.S. Senate,DEM,"Mary ""MJ"" Hegar",4058
Cherokee,U.S. Senate,REP,John Cornyn,14945
Cherokee,U.S. Senate,LIB,,328
Childress,U.S. Senate,DEM,"Mary ""MJ"" Hegar",283
Childress,U.S. Senate,REP,John Cornyn,1936
Childress,U.S. Senate,LIB,,40
Clay,U.S. Senate,DEM,"Mary ""MJ"" Hegar",632
Clay,U.S. Senate,REP,John Cornyn,4958
Clay,U.S. Senate,LIB,,96
Cochran,U.S. Senate,DEM,"Mary ""MJ"" Hegar",183
Cochran,U.S. Senate,REP,John Cornyn,765
Cochran,U.S. Senate,LIB,,30
Coke,U.S. Senate,DEM,"Mary ""MJ"" Hegar",171
Coke,U.S. Senate,REP,John Cornyn,1557
Coke,U.S. Senate,LIB,,26
Coleman,U.S. Senate,DEM,"Mary ""MJ"" Hegar",426
Coleman,U.S. Senate,REP,John Cornyn,3586
Coleman,U.S. Senate,LIB,,53
Collin,U.S. Senate,DEM,"Mary ""MJ"" Hegar",206983
Collin,U.S. Senate,REP,John Cornyn,263041
Collin,U.S. Senate,LIB,,11216
Collingsworth,U.S. Senate,DEM,"Mary ""MJ"" Hegar",145
Collingsworth,U.S. Senate,REP,John Cornyn,1032
Collingsworth,U.S. Senate,LIB,,14
Colorado,U.S. Senate,DEM,"Mary ""MJ"" Hegar",2362
Colorado,U.S. Senate,REP,John Cornyn,7367
Colorado,U.S. Senate,LIB,,159
Comal,U.S. Senate,DEM,"Mary ""MJ"" Hegar",22552
Comal,U.S. Senate,REP,John Cornyn,63545
Comal,U.S. Senate,LIB,,2171
Comanche,U.S. Senate,DEM,"Mary ""MJ"" Hegar",831
Comanche,U.S. Senate,REP,John Cornyn,5053
Comanche,U.S. Senate,LIB,,120
Concho,U.S. Senate,DEM,"Mary ""MJ"" Hegar",193
Concho,U.S. Senate,REP,John Cornyn,1029
Concho,U.S. Senate,LIB,,25
Cooke,U.S. Senate,DEM,"Mary ""MJ"" Hegar",2999
Cooke,U.S. Senate,REP,John Cornyn,15516
Cooke,U.S. Senate,LIB,,362
Coryell,U.S. Senate,DEM,"Mary ""MJ"" Hegar",7118
Coryell,U.S. Senate,REP,John Cornyn,15372
Coryell,U.S. Senate,LIB,,758
Cottle,U.S. Senate,DEM,"Mary ""MJ"" Hegar",110
Cottle,U.S. Senate,REP,John Cornyn,534
Cottle,U.S. Senate,LIB,,12
Crane,U.S. Senate,DEM,"Mary ""MJ"" Hegar",229
Crane,U.S. Senate,REP,John Cornyn,1213
Crane,U.S. Senate,LIB,,37
Crockett,U.S. Senate,DEM,"Mary ""MJ"" Hegar",314
Crockett,U.S. Senate,REP,John Cornyn,1146
Crockett,U.S. Senate,LIB,,33
Crosby,U.S. Senate,DEM,"Mary ""MJ"" Hegar",486
Crosby,U.S. Senate,REP,John Cornyn,1356
Crosby,U.S. Senate,LIB,,39
Culberson,U.S. Senate,DEM,"Mary ""MJ"" Hegar",385
Culberson,U.S. Senate,REP,John Cornyn,367
Culberson,U.S. Senate,LIB,,25
Dallam,U.S. Senate,DEM,"Mary ""MJ"" Hegar",200
Dallam,U.S. Senate,REP,John Cornyn,1369
Dallam,U.S. Senate,LIB,,26
Dallas,U.S. Senate,DEM,"Mary ""MJ"" Hegar",560625
Dallas,U.S. Senate,REP,John Cornyn,330884
Dallas,U.S. Senate,LIB,,24187
Dawson,U.S. Senate,DEM,"Mary ""MJ"" Hegar",738
Dawson,U.S. Senate,REP,John Cornyn,2827
Dawson,U.S. Senate,LIB,,74
DeWitt,U.S. Senate,DEM,"Mary ""MJ"" Hegar",1384
DeWitt,U.S. Senate,REP,John Cornyn,6399
DeWitt,U.S. Senate,LIB,,104
Deaf Smith,U.S. Senate,DEM,"Mary ""MJ"" Hegar",1151
Deaf Smith,U.S. Senate,REP,John Cornyn,3273
Deaf Smith,U.S. Senate,LIB,,109
Delta,U.S. Senate,DEM,"Mary ""MJ"" Hegar",370
Delta,U.S. Senate,REP,John Cornyn,2111
Delta,U.S. Senate,LIB,,53
Denton,U.S. Senate,DEM,"Mary ""MJ"" Hegar",170860
Denton,U.S. Senate,REP,John Cornyn,230776
Denton,U.S. Senate,LIB,,11174
Dickens,U.S. Senate,DEM,"Mary ""MJ"" Hegar",133
Dickens,U.S. Senate,REP,John Cornyn,808
Dickens,U.S. Senate,LIB,,17
Dimmit,U.S. Senate,DEM,"Mary ""MJ"" Hegar",2122
Dimmit,U.S. Senate,REP,John Cornyn,1274
Dimmit,U.S. Senate,LIB,,69
Donley,U.S. Senate,DEM,"Mary ""MJ"" Hegar",181
Donley,U.S. Senate,REP,John Cornyn,1418
Donley,U.S. Senate,LIB,,26
Duval,U.S. Senate,DEM,"Mary ""MJ"" Hegar",2458
Duval,U.S. Senate,REP,John Cornyn,1787
Duval,U.S. Senate,LIB,,174
Eastland,U.S. Senate,DEM,"Mary ""MJ"" Hegar",910
Eastland,U.S. Senate,REP,John Cornyn,7015
Eastland,U.S. Senate,LIB,,162
Ector,U.S. Senate,DEM,"Mary ""MJ"" Hegar",10682
Ector,U.S. Senate,REP,John Cornyn,31711
Ector,U.S. Senate,LIB,,1179
Edwards,U.S. Senate,DEM,"Mary ""MJ"" Hegar",144
Edwards,U.S. Senate,REP,John Cornyn,824
Edwards,U.S. Senate,LIB,,17
El Paso,U.S. Senate,DEM,"Mary ""MJ"" Hegar",164931
El Paso,U.S. Senate,REP,John Cornyn,80021
El Paso,U.S. Senate,LIB,,14284
Ellis,U.S. Senate,DEM,"Mary ""MJ"" Hegar",25782
Ellis,U.S. Senate,REP,John Cornyn,57082
Ellis,U.S. Senate,LIB,,2174
Erath,U.S. Senate,DEM,"Mary ""MJ"" Hegar",2707
Erath,U.S. Senate,REP,John Cornyn,13564
Erath,U.S. Senate,LIB,,437
Falls,U.S. Senate,DEM,"Mary ""MJ"" Hegar",1787
Falls,U.S. Senate,REP,John Cornyn,4157
Falls,U.S. Senate,LIB,,95
Fannin,U.S. Senate,DEM,"Mary ""MJ"" Hegar",2559
Fannin,U.S. Senate,REP,John Cornyn,11836
Fannin,U.S. Senate,LIB,,353
Fayette,U.S. Senate,DEM,"Mary ""MJ"" Hegar",2634
Fayette,U.S. Senate,REP,John Cornyn,10055
Fayette,U.S. Senate,LIB,,174
Fisher,U.S. Senate,DEM,"Mary ""MJ"" Hegar",351
Fisher,U.S. Senate,REP,John Cornyn,1418
Fisher,U.S. Senate,LIB,,35
Floyd,U.S. Senate,DEM,"Mary ""MJ"" Hegar",397
Floyd,U.S. Senate,REP,John Cornyn,1554
Floyd,U.S. Senate,LIB,,39
Foard,U.S. Senate,DEM,"Mary ""MJ"" Hegar",107
Foard,U.S. Senate,REP,John Cornyn,404
Foard,U.S. Senate,LIB,,8
Fort Bend,U.S. Senate,DEM,"Mary ""MJ"" Hegar",178971
Fort Bend,U.S. Senate,REP,John Cornyn,160972
Fort Bend,U.S. Senate,LIB,,7471
Franklin,U.S. Senate,DEM,"Mary ""MJ"" Hegar",753
Franklin,U.S. Senate,REP,John Cornyn,4114
Franklin,U.S. Senate,LIB,,75
Freestone,U.S. Senate,DEM,"Mary ""MJ"" Hegar",1553
Freestone,U.S. Senate,REP,John Cornyn,6838
Freestone,U.S. Senate,LIB,,166
Frio,U.S. Senate,DEM,"Mary ""MJ"" Hegar",2283
Frio,U.S. Senate,REP,John Cornyn,2489
Frio,U.S. Senate,LIB,,149
Gaines,U.S. Senate,DEM,"Mary ""MJ"" Hegar",548
Gaines,U.S. Senate,REP,John Cornyn,5118
Gaines,U.S. Senate,LIB,,94
Galveston,U.S. Senate,DEM,"Mary ""MJ"" Hegar",55093
Galveston,U.S. Senate,REP,John Cornyn,94313
Galveston,U.S. Senate,LIB,,3972
Garza,U.S. Senate,DEM,"Mary ""MJ"" Hegar",225
Garza,U.S. Senate,REP,John Cornyn,1374
Garza,U.S. Senate,LIB,,18
Gillespie,U.S. Senate,DEM,"Mary ""MJ"" Hegar",2996
Gillespie,U.S. Senate,REP,John Cornyn,12544
Gillespie,U.S. Senate,LIB,,239
Glasscock,U.S. Senate,DEM,"Mary ""MJ"" Hegar",35
Glasscock,U.S. Senate,REP,John Cornyn,603
Glasscock,U.S. Senate,LIB,,8
Goliad,U.S. Senate,DEM,"Mary ""MJ"" Hegar",840
Goliad,U.S. Senate,REP,John Cornyn,3000
Goliad,U.S. Senate,LIB,,57
Gonzales,U.S. Senate,DEM,"Mary ""MJ"" Hegar",1782
Gonzales,U.S. Senate,REP,John Cornyn,5617
Gonzales,U.S. Senate,LIB,,131
Gray,U.S. Senate,DEM,"Mary ""MJ"" Hegar",774
Gray,U.S. Senate,REP,John Cornyn,6705
Gray,U.S. Senate,LIB,,209
Grayson,U.S. Senate,DEM,"Mary ""MJ"" Hegar",13938
Grayson,U.S. Senate,REP,John Cornyn,43735
Grayson,U.S. Senate,LIB,,1301
Gregg,U.S. Senate,DEM,"Mary ""MJ"" Hegar",14025
Gregg,U.S. Senate,REP,John Cornyn,32467
Gregg,U.S. Senate,LIB,,991
Grimes,U.S. Senate,DEM,"Mary ""MJ"" Hegar",2678
Grimes,U.S. Senate,REP,John Cornyn,9338
Grimes,U.S. Senate,LIB,,259
Guadalupe,U.S. Senate,DEM,"Mary ""MJ"" Hegar",26697
Guadalupe,U.S. Senate,REP,John Cornyn,48308
Guadalupe,U.S. Senate,LIB,,1973
Hale,U.S. Senate,DEM,"Mary ""MJ"" Hegar",2155
Hale,U.S. Senate,REP,John Cornyn,6999
Hale,U.S. Senate,LIB,,222
Hall,U.S. Senate,DEM,"Mary ""MJ"" Hegar",156
Hall,U.S. Senate,REP,John Cornyn,967
Hall,U.S. Senate,LIB,,17
Hamilton,U.S. Senate,DEM,"Mary ""MJ"" Hegar",590
Hamilton,U.S. Senate,REP,John Cornyn,3570
Hamilton,U.S. Senate,LIB,,106
Hansford,U.S. Senate,DEM,"Mary ""MJ"" Hegar",158
Hansford,U.S. Senate,REP,John Cornyn,1839
Hansford,U.S. Senate,LIB,,26
Hardeman,U.S. Senate,DEM,"Mary ""MJ"" Hegar",232
Hardeman,U.S. Senate,REP,John Cornyn,1313
Hardeman,U.S. Senate,LIB,,10
Hardin,U.S. Senate,DEM,"Mary ""MJ"" Hegar",3388
Hardin,U.S. Senate,REP,John Cornyn,23516
Hardin,U.S. Senate,LIB,,480
Harris,U.S. Senate,DEM,"Mary ""MJ"" Hegar",854160
Harris,U.S. Senate,REP,John Cornyn,718222
Harris,U.S. Senate,LIB,,42106
Harrison,U.S. Senate,DEM,"Mary ""MJ"" Hegar",7612
Harrison,U.S. Senate,REP,John Cornyn,21231
Harrison,U.S. Senate,LIB,,541
Hartley,U.S. Senate,DEM,"Mary ""MJ"" Hegar",176
Hartley,U.S. Senate,REP,John Cornyn,1859
Hartley,U.S. Senate,LIB,,37
Haskell,U.S. Senate,DEM,"Mary ""MJ"" Hegar",347
Haskell,U.S. Senate,REP,John Cornyn,1808
Haskell,U.S. Senate,LIB,,28
Hays,U.S. Senate,DEM,"Mary ""MJ"" Hegar",55553
Hays,U.S. Senate,REP,John Cornyn,49501
Hays,U.S. Senate,LIB,,3409
Hemphill,U.S. Senate,DEM,"Mary ""MJ"" Hegar",197
Hemphill,U.S. Senate,REP,John Cornyn,1465
Hemphill,U.S. Senate,LIB,,31
Henderson,U.S. Senate,DEM,"Mary ""MJ"" Hegar",6672
Henderson,U.S. Senate,REP,John Cornyn,28717
Henderson,U.S. Senate,LIB,,706
Hidalgo,U.S. Senate,DEM,"Mary ""MJ"" Hegar",116962
Hidalgo,U.S. Senate,REP,John Cornyn,84284
Hidalgo,U.S. Senate,LIB,,8191
Hill,U.S. Senate,DEM,"Mary ""MJ"" Hegar",2688
Hill,U.S. Senate,REP,John Cornyn,11845
Hill,U.S. Senate,LIB,,294
Hockley,U.S. Senate,DEM,"Mary ""MJ"" Hegar",1384
Hockley,U.S. Senate,REP,John Cornyn,6449
Hockley,U.S. Senate,LIB,,152
Hood,U.S. Senate,DEM,"Mary ""MJ"" Hegar",5282
Hood,U.S. Senate,REP,John Cornyn,26425
Hood,U.S. Senate,LIB,,700
Hopkins,U.S. Senate,DEM,"Mary ""MJ"" Hegar",2833
Hopkins,U.S. Senate,REP,John Cornyn,12497
Hopkins,U.S. Senate,LIB,,317
Houston,U.S. Senate,DEM,"Mary ""MJ"" Hegar",2230
Houston,U.S. Senate,REP,John Cornyn,6984
Houston,U.S. Senate,LIB,,120
Howard,U.S. Senate,DEM,"Mary ""MJ"" Hegar",1954
Howard,U.S. Senate,REP,John Cornyn,7840
Howard,U.S. Senate,LIB,,237
Hudspeth,U.S. Senate,DEM,"Mary ""MJ"" Hegar",373
Hudspeth,U.S. Senate,REP,John Cornyn,680
Hudspeth,U.S. Senate,LIB,,37
Hunt,U.S. Senate,DEM,"Mary ""MJ"" Hegar",8319
Hunt,U.S. Senate,REP,John Cornyn,28888
Hunt,U.S. Senate,LIB,,851
Hutchinson,U.S. Senate,DEM,"Mary ""MJ"" Hegar",900
Hutchinson,U.S. Senate,REP,John Cornyn,7575
Hutchinson,U.S. Senate,LIB,,214
Irion,U.S. Senate,DEM,"Mary ""MJ"" Hegar",111
Irion,U.S. Senate,REP,John Cornyn,763
Irion,U.S. Senate,LIB,,10
Jack,U.S. Senate,DEM,"Mary ""MJ"" Hegar",319
Jack,U.S. Senate,REP,John Cornyn,3322
Jack,U.S. Senate,LIB,,58
Jackson,U.S. Senate,DEM,"Mary ""MJ"" Hegar",1021
Jackson,U.S. Senate,REP,John Cornyn,5167
Jackson,U.S. Senate,LIB,,107
Jasper,U.S. Senate,DEM,"Mary ""MJ"" Hegar",2851
Jasper,U.S. Senate,REP,John Cornyn,12312
Jasper,U.S. Senate,LIB,,222
Jeff Davis,U.S. Senate,DEM,"Mary ""MJ"" Hegar",483
Jeff Davis,U.S. Senate,REP,John Cornyn,767
Jeff Davis,U.S. Senate,LIB,,36
Jefferson,U.S. Senate,DEM,"Mary ""MJ"" Hegar",44112
Jefferson,U.S. Senate,REP,John Cornyn,46928
Jefferson,U.S. Senate,LIB,,1882
Jim Hogg,U.S. Senate,DEM,"Mary ""MJ"" Hegar",1136
Jim Hogg,U.S. Senate,REP,John Cornyn,652
Jim Hogg,U.S. Senate,LIB,,56
Jim Wells,U.S. Senate,DEM,"Mary ""MJ"" Hegar",6025
Jim Wells,U.S. Senate,REP,John Cornyn,6957
Jim Wells,U.S. Senate,LIB,,278
Johnson,U.S. Senate,DEM,"Mary ""MJ"" Hegar",15472
Johnson,U.S. Senate,REP,John Cornyn,54399
Johnson,U.S. Senate,LIB,,1586
Jones,U.S. Senate,DEM,"Mary ""MJ"" Hegar",967
Jones,U.S. Senate,REP,John Cornyn,5546
Jones,U.S. Senate,LIB,,108
Karnes,U.S. Senate,DEM,"Mary ""MJ"" Hegar",1178
Karnes,U.S. Senate,REP,John Cornyn,3833
Karnes,U.S. Senate,LIB,,78
Kaufman,U.S. Senate,DEM,"Mary ""MJ"" Hegar",17507
Kaufman,U.S. Senate,REP,John Cornyn,37649
Kaufman,U.S. Senate,LIB,,1313
Kendall,U.S. Senate,DEM,"Mary ""MJ"" Hegar",5335
Kendall,U.S. Senate,REP,John Cornyn,20584
Kendall,U.S. Senate,LIB,,473
Kenedy,U.S. Senate,DEM,"Mary ""MJ"" Hegar",57
Kenedy,U.S. Senate,REP,John Cornyn,107
Kenedy,U.S. Senate,LIB,,5
Kent,U.S. Senate,DEM,"Mary ""MJ"" Hegar",53
Kent,U.S. Senate,REP,John Cornyn,386
Kent,U.S. Senate,LIB,,6
Kerr,U.S. Senate,DEM,"Mary ""MJ"" Hegar",5946
Kerr,U.S. Senate,REP,John Cornyn,21022
Kerr,U.S. Senate,LIB,,574
Kimble,U.S. Senate,DEM,"Mary ""MJ"" Hegar",254
Kimble,U.S. Senate,REP,John Cornyn,1962
Kimble,U.S. Senate,LIB,,37
King,U.S. Senate,DEM,"Mary ""MJ"" Hegar",5
King,U.S. Senate,REP,John Cornyn,149
Kinney,U.S. Senate,DEM,"Mary ""MJ"" Hegar",395
Kinney,U.S. Senate,REP,John Cornyn,1070
Kinney,U.S. Senate,LIB,,38
Kleberg,U.S. Senate,DEM,"Mary ""MJ"" Hegar",5129
Kleberg,U.S. Senate,REP,John Cornyn,5438
Kleberg,U.S. Senate,LIB,,271
Knox,U.S. Senate,DEM,"Mary ""MJ"" Hegar",263
Knox,U.S. Senate,REP,John Cornyn,1147
Knox,U.S. Senate,LIB,,20
La Salle,U.S. Senate,DEM,"Mary ""MJ"" Hegar",1005
La Salle,U.S. Senate,REP,John Cornyn,1082
La Salle,U.S. Senate,LIB,,59
Lamar,U.S. Senate,DEM,"Mary ""MJ"" Hegar",4295
Lamar,U.S. Senate,REP,John Cornyn,16476
Lamar,U.S. Senate,LIB,,380
Lamb,U.S. Senate,DEM,"Mary ""MJ"" Hegar",802
Lamb,U.S. Senate,REP,John Cornyn,3469
Lamb,U.S. Senate,LIB,,97
Lampasas,U.S. Senate,DEM,"Mary ""MJ"" Hegar",1978
Lampasas,U.S. Senate,REP,John Cornyn,8102
Lampasas,U.S. Senate,LIB,,250
Lavaca,U.S. Senate,DEM,"Mary ""MJ"" Hegar",1305
Lavaca,U.S. Senate,REP,John Cornyn,8599
Lavaca,U.S. Senate,LIB,,132
Lee,U.S. Senate,DEM,"Mary ""MJ"" Hegar",1689
Lee,U.S. Senate,REP,John Cornyn,6211
Lee,U.S. Senate,LIB,,132
Leon,U.S. Senate,DEM,"Mary ""MJ"" Hegar",1028
Leon,U.S. Senate,REP,John Cornyn,7421
Leon,U.S. Senate,LIB,,143
Liberty,U.S. Senate,DEM,"Mary ""MJ"" Hegar",5662
Liberty,U.S. Senate,REP,John Cornyn,22743
Liberty,U.S. Senate,LIB,,604
Limestone,U.S. Senate,DEM,"Mary ""MJ"" Hegar",2112
Limestone,U.S. Senate,REP,John Cornyn,6656
Limestone,U.S. Senate,LIB,,199
Lipscomb,U.S. Senate,DEM,"Mary ""MJ"" Hegar",117
Lipscomb,U.S. Senate,REP,John Cornyn,1181
Lipscomb,U.S. Senate,LIB,,26
Live Oak,U.S. Senate,DEM,"Mary ""MJ"" Hegar",790
Live Oak,U.S. Senate,REP,John Cornyn,4125
Live Oak,U.S. Senate,LIB,,69
Llano,U.S. Senate,DEM,"Mary ""MJ"" Hegar",2331
Llano,U.S. Senate,REP,John Cornyn,10047
Llano,U.S. Senate,LIB,,218
Loving,U.S. Senate,DEM,"Mary ""MJ"" Hegar",5
Loving,U.S. Senate,REP,John Cornyn,58
Loving,U.S. Senate,LIB,,2
Lubbock,U.S. Senate,DEM,"Mary ""MJ"" Hegar",36319
Lubbock,U.S. Senate,REP,John Cornyn,79459
Lubbock,U.S. Senate,LIB,,3720
Lynn,U.S. Senate,DEM,"Mary ""MJ"" Hegar",412
Lynn,U.S. Senate,REP,John Cornyn,1817
Lynn,U.S. Senate,LIB,,35
Madison,U.S. Senate,DEM,"Mary ""MJ"" Hegar",1030
Madison,U.S. Senate,REP,John Cornyn,4118
Madison,U.S. Senate,LIB,,75
Marion,U.S. Senate,DEM,"Mary ""MJ"" Hegar",1276
Marion,U.S. Senate,REP,John Cornyn,3380
Marion,U.S. Senate,LIB,,102
Martin,U.S. Senate,DEM,"Mary ""MJ"" Hegar",263
Martin,U.S. Senate,REP,John Cornyn,1811
Martin,U.S. Senate,LIB,,38
Mason,U.S. Senate,DEM,"Mary ""MJ"" Hegar",443
Mason,U.S. Senate,REP,John Cornyn,1980
Mason,U.S. Senate,LIB,,32
Matagorda,U.S. Senate,DEM,"Mary ""MJ"" Hegar",3551
Matagorda,U.S. Senate,REP,John Cornyn,9647
Matagorda,U.S. Senate,LIB,,284
Maverick,U.S. Senate,DEM,"Mary ""MJ"" Hegar",7950
Maverick,U.S. Senate,REP,John Cornyn,5708
Maverick,U.S. Senate,LIB,,618
McCulloch,U.S. Senate,DEM,"Mary ""MJ"" Hegar",460
McCulloch,U.S. Senate,REP,John Cornyn,2843
McCulloch,U.S. Senate,LIB,,82
McLennan,U.S. Senate,DEM,"Mary ""MJ"" Hegar",33439
McLennan,U.S. Senate,REP,John Cornyn,60036
McLennan,U.S. Senate,LIB,,2651
McMullen,U.S. Senate,DEM,"Mary ""MJ"" Hegar",43
McMullen,U.S. Senate,REP,John Cornyn,454
McMullen,U.S. Senate,LIB,,3
Medina,U.S. Senate,DEM,"Mary ""MJ"" Hegar",6207
Medina,U.S. Senate,REP,John Cornyn,15594
Medina,U.S. Senate,LIB,,409
Menard,U.S. Senate,DEM,"Mary ""MJ"" Hegar",189
Menard,U.S. Senate,REP,John Cornyn,797
Menard,U.S. Senate,LIB,,14
Midland,U.S. Senate,DEM,"Mary ""MJ"" Hegar",11417
Midland,U.S. Senate,REP,John Cornyn,45733
Midland,U.S. Senate,LIB,,1378
Milam,U.S. Senate,DEM,"Mary ""MJ"" Hegar",2382
Milam,U.S. Senate,REP,John Cornyn,7759
Milam,U.S. Senate,LIB,,190
Mills,U.S. Senate,DEM,"Mary ""MJ"" Hegar",252
Mills,U.S. Senate,REP,John Cornyn,2196
Mills,U.S. Senate,LIB,,39
Mitchell,U.S. Senate,DEM,"Mary ""MJ"" Hegar",359
Mitchell,U.S. Senate,REP,John Cornyn,2129
Mitchell,U.S. Senate,LIB,,52
Montague,U.S. Senate,DEM,"Mary ""MJ"" Hegar",1051
Montague,U.S. Senate,REP,John Cornyn,8526
Montague,U.S. Senate,LIB,,182
Montgomery,U.S. Senate,DEM,"Mary ""MJ"" Hegar",68254
Montgomery,U.S. Senate,REP,John Cornyn,194528
Montgomery,U.S. Senate,LIB,,6052
Moore,U.S. Senate,DEM,"Mary ""MJ"" Hegar",999
Moore,U.S. Senate,REP,John Cornyn,4314
Moore,U.S. Senate,LIB,,134
Morris,U.S. Senate,DEM,"Mary ""MJ"" Hegar",1634
Morris,U.S. Senate,REP,John Cornyn,3727
Morris,U.S. Senate,LIB,,87
Motley,U.S. Senate,DEM,"Mary ""MJ"" Hegar",44
Motley,U.S. Senate,REP,John Cornyn,591
Motley,U.S. Senate,LIB,,3
Nacogdoches,U.S. Senate,DEM,"Mary ""MJ"" Hegar",8487
Nacogdoches,U.S. Senate,REP,John Cornyn,17370
Nacogdoches,U.S. Senate,LIB,,639
Navarro,U.S. Senate,DEM,"Mary ""MJ"" Hegar",4821
Navarro,U.S. Senate,REP,John Cornyn,13701
Navarro,U.S. Senate,LIB,,440
Newton,U.S. Senate,DEM,"Mary ""MJ"" Hegar",1163
Newton,U.S. Senate,REP,John Cornyn,4784
Newton,U.S. Senate,LIB,,70
Nolan,U.S. Senate,DEM,"Mary ""MJ"" Hegar",1077
Nolan,U.S. Senate,REP,John Cornyn,4102
Nolan,U.S. Senate,LIB,,102
Nueces,U.S. Senate,DEM,"Mary ""MJ"" Hegar",57180
Nueces,U.S. Senate,REP,John Cornyn,64558
Nueces,U.S. Senate,LIB,,3561
Ochiltree,U.S. Senate,DEM,"Mary ""MJ"" Hegar",278
Ochiltree,U.S. Senate,REP,John Cornyn,2783
Ochiltree,U.S. Senate,LIB,,44
Oldham,U.S. Senate,DEM,"Mary ""MJ"" Hegar",74
Oldham,U.S. Senate,REP,John Cornyn,908
Oldham,U.S. Senate,LIB,,14
Orange,U.S. Senate,DEM,"Mary ""MJ"" Hegar",6249
Orange,U.S. Senate,REP,John Cornyn,28720
Orange,U.S. Senate,LIB,,712
Palo Pinto,U.S. Senate,DEM,"Mary ""MJ"" Hegar",2028
Palo Pinto,U.S. Senate,REP,John Cornyn,9999
Palo Pinto,U.S. Senate,LIB,,301
Panola,U.S. Senate,DEM,"Mary ""MJ"" Hegar",2015
Panola,U.S. Senate,REP,John Cornyn,9145
Panola,U.S. Senate,LIB,,139
Parker,U.S. Senate,DEM,"Mary ""MJ"" Hegar",11919
Parker,U.S. Senate,REP,John Cornyn,61705
Parker,U.S. Senate,LIB,,1893
Parmer,U.S. Senate,DEM,"Mary ""MJ"" Hegar",454
Parmer,U.S. Senate,REP,John Cornyn,2132
Parmer,U.S. Senate,LIB,,41
Pecos,U.S. Senate,DEM,"Mary ""MJ"" Hegar",1376
Pecos,U.S. Senate,REP,John Cornyn,3081
Pecos,U.S. Senate,LIB,,111
Polk,U.S. Senate,DEM,"Mary ""MJ"" Hegar",5237
Polk,U.S. Senate,REP,John Cornyn,17735
Polk,U.S. Senate,LIB,,559
Potter,U.S. Senate,DEM,"Mary ""MJ"" Hegar",9168
Potter,U.S. Senate,REP,John Cornyn,22683
Potter,U.S. Senate,LIB,,985
Presidio,U.S. Senate,DEM,"Mary ""MJ"" Hegar",1374
Presidio,U.S. Senate,REP,John Cornyn,651
Presidio,U.S. Senate,LIB,,66
Rains,U.S. Senate,DEM,"Mary ""MJ"" Hegar",789
Rains,U.S. Senate,REP,John Cornyn,5060
Rains,U.S. Senate,LIB,,107
Randall,U.S. Senate,DEM,"Mary ""MJ"" Hegar",11618
Randall,U.S. Senate,REP,John Cornyn,51116
Randall,U.S. Senate,LIB,,1582
Reagan,U.S. Senate,DEM,"Mary ""MJ"" Hegar",154
Reagan,U.S. Senate,REP,John Cornyn,893
Reagan,U.S. Senate,LIB,,22
Real,U.S. Senate,DEM,"Mary ""MJ"" Hegar",286
Real,U.S. Senate,REP,John Cornyn,1626
Real,U.S. Senate,LIB,,27
Red River,U.S. Senate,DEM,"Mary ""MJ"" Hegar",1191
Red River,U.S. Senate,REP,John Cornyn,4452
Red River,U.S. Senate,LIB,,89
Reeves,U.S. Senate,DEM,"Mary ""MJ"" Hegar",1337
Reeves,U.S. Senate,REP,John Cornyn,1983
Reeves,U.S. Senate,LIB,,116
Refugio,U.S. Senate,DEM,"Mary ""MJ"" Hegar",1023
Refugio,U.S. Senate,REP,John Cornyn,2073
Refugio,U.S. Senate,LIB,,76
Roberts,U.S. Senate,DEM,"Mary ""MJ"" Hegar",15
Roberts,U.S. Senate,REP,John Cornyn,526
Roberts,U.S. Senate,LIB,,4
Robertson,U.S. Senate,DEM,"Mary ""MJ"" Hegar",2244
Robertson,U.S. Senate,REP,John Cornyn,5590
Robertson,U.S. Senate,LIB,,154
Rockwall,U.S. Senate,DEM,"Mary ""MJ"" Hegar",15024
Rockwall,U.S. Senate,REP,John Cornyn,37586
Rockwall,U.S. Senate,LIB,,1194
Runnels,U.S. Senate,DEM,"Mary ""MJ"" Hegar",515
Runnels,U.S. Senate,REP,John Cornyn,3722
Runnels,U.S. Senate,LIB,,91
Rusk,U.S. Senate,DEM,"Mary ""MJ"" Hegar",4455
Rusk,U.S. Senate,REP,John Cornyn,16367
Rusk,U.S. Senate,LIB,,355
Sabine,U.S. Senate,DEM,"Mary ""MJ"" Hegar",688
Sabine,U.S. Senate,REP,John Cornyn,4678
Sabine,U.S. Senate,LIB,,69
San Augustine,U.S. Senate,DEM,"Mary ""MJ"" Hegar",928
San Augustine,U.S. Senate,REP,John Cornyn,2898
San Augustine,U.S. Senate,LIB,,51
San Jacinto,U.S. Senate,DEM,"Mary ""MJ"" Hegar",2268
San Jacinto,U.S. Senate,REP,John Cornyn,9808
San Jacinto,U.S. Senate,LIB,,287
San Patricio,U.S. Senate,DEM,"Mary ""MJ"" Hegar",8494
San Patricio,U.S. Senate,REP,John Cornyn,16174
San Patricio,U.S. Senate,LIB,,648
San Saba,U.S. Senate,DEM,"Mary ""MJ"" Hegar",270
San Saba,U.S. Senate,REP,John Cornyn,2218
San Saba,U.S. Senate,LIB,,12
Schleicher,U.S. Senate,DEM,"Mary ""MJ"" Hegar",191
Schleicher,U.S. Senate,REP,John Cornyn,927
Schleicher,U.S. Senate,LIB,,14
Scurry,U.S. Senate,DEM,"Mary ""MJ"" Hegar",805
Scurry,U.S. Senate,REP,John Cornyn,4870
Scurry,U.S. Senate,LIB,,121
Shackelford,U.S. Senate,DEM,"Mary ""MJ"" Hegar",115
Shackelford,U.S. Senate,REP,John Cornyn,1475
Shackelford,U.S. Senate,LIB,,17
Shelby,U.S. Senate,DEM,"Mary ""MJ"" Hegar",2022
Shelby,U.S. Senate,REP,John Cornyn,7868
Shelby,U.S. Senate,LIB,,102
Sherman,U.S. Senate,DEM,"Mary ""MJ"" Hegar",88
Sherman,U.S. Senate,REP,John Cornyn,889
Sherman,U.S. Senate,LIB,,9
Smith,U.S. Senate,DEM,"Mary ""MJ"" Hegar",28385
Smith,U.S. Senate,REP,John Cornyn,69574
Smith,U.S. Senate,LIB,,1927
Somervell,U.S. Senate,DEM,"Mary ""MJ"" Hegar",712
Somervell,U.S. Senate,REP,John Cornyn,4103
Somervell,U.S. Senate,LIB,,105
Starr,U.S. Senate,DEM,"Mary ""MJ"" Hegar",8178
Starr,U.S. Senate,REP,John Cornyn,5851
Starr,U.S. Senate,LIB,,745
Stephens,U.S. Senate,DEM,"Mary ""MJ"" Hegar",374
Stephens,U.S. Senate,REP,John Cornyn,3312
Stephens,U.S. Senate,LIB,,49
Sterling,U.S. Senate,DEM,"Mary ""MJ"" Hegar",47
Sterling,U.S. Senate,REP,John Cornyn,567
Sterling,U.S. Senate,LIB,,7
Stonewall,U.S. Senate,DEM,"Mary ""MJ"" Hegar",122
Stonewall,U.S. Senate,REP,John Cornyn,586
Stonewall,U.S. Senate,LIB,,6
Sutton,U.S. Senate,DEM,"Mary ""MJ"" Hegar",305
Sutton,U.S. Senate,REP,John Cornyn,1204
Sutton,U.S. Senate,LIB,,20
Swisher,U.S. Senate,DEM,"Mary ""MJ"" Hegar",464
Swisher,U.S. Senate,REP,John Cornyn,1795
Swisher,U.S. Senate,LIB,,59
Tarrant,U.S. Senate,DEM,"Mary ""MJ"" Hegar",382529
Tarrant,U.S. Senate,REP,John Cornyn,423362
Tarrant,U.S. Senate,LIB,,22579
Taylor,U.S. Senate,DEM,"Mary ""MJ"" Hegar",13074
Taylor,U.S. Senate,REP,John Cornyn,39887
Taylor,U.S. Senate,LIB,,1518
Terrell,U.S. Senate,DEM,"Mary ""MJ"" Hegar",116
Terrell,U.S. Senate,REP,John Cornyn,324
Terrell,U.S. Senate,LIB,,8
Terry,U.S. Senate,DEM,"Mary ""MJ"" Hegar",714
Terry,U.S. Senate,REP,John Cornyn,2731
Terry,U.S. Senate,LIB,,79
Throckmorton,U.S. Senate,DEM,"Mary ""MJ"" Hegar",76
Throckmorton,U.S. Senate,REP,John Cornyn,788
Throckmorton,U.S. Senate,LIB,,10
Titus,U.S. Senate,DEM,"Mary ""MJ"" Hegar",2748
Titus,U.S. Senate,REP,John Cornyn,7426
Titus,U.S. Senate,LIB,,202
Tom Green,U.S. Senate,DEM,"Mary ""MJ"" Hegar",11371
Tom Green,U.S. Senate,REP,John Cornyn,32340
Tom Green,U.S. Senate,LIB,,1110
Travis,U.S. Senate,DEM,"Mary ""MJ"" Hegar",408620
Travis,U.S. Senate,REP,John Cornyn,175919
Travis,U.S. Senate,LIB,,16198
Trinity,U.S. Senate,DEM,"Mary ""MJ"" Hegar",1258
Trinity,U.S. Senate,REP,John Cornyn,5445
Trinity,U.S. Senate,LIB,,109
Tyler,U.S. Senate,DEM,"Mary ""MJ"" Hegar",1400
Tyler,U.S. Senate,REP,John Cornyn,7916
Tyler,U.S. Senate,LIB,,207
Upshur,U.S. Senate,DEM,"Mary ""MJ"" Hegar",2804
Upshur,U.S. Senate,REP,John Cornyn,15470
Upshur,U.S. Senate,LIB,,375
Upton,U.S. Senate,DEM,"Mary ""MJ"" Hegar",159
Upton,U.S. Senate,REP,John Cornyn,1139
Upton,U.S. Senate,LIB,,29
Uvalde,U.S. Senate,DEM,"Mary ""MJ"" Hegar",3821
Uvalde,U.S. Senate,REP,John Cornyn,5968
Uvalde,U.S. Senate,LIB,,291
Val Verde,U.S. Senate,DEM,"Mary ""MJ"" Hegar",6430
Val Verde,U.S. Senate,REP,John Cornyn,8102
Val Verde,U.S. Senate,LIB,,422
Van Zandt,U.S. Senate,DEM,"Mary ""MJ"" Hegar",3374
Van Zandt,U.S. Senate,REP,John Cornyn,22010
Van Zandt,U.S. Senate,LIB,,389
Victoria,U.S. Senate,DEM,"Mary ""MJ"" Hegar",9834
Victoria,U.S. Senate,REP,John Cornyn,23144
Victoria,U.S. Senate,LIB,,696
Walker,U.S. Senate,DEM,"Mary ""MJ"" Hegar",7414
Walker,U.S. Senate,REP,John Cornyn,15480
Walker,U.S. Senate,LIB,,582
Waller,U.S. Senate,DEM,"Mary ""MJ"" Hegar",7729
Waller,U.S. Senate,REP,John Cornyn,14229
Waller,U.S. Senate,LIB,,514
Ward,U.S. Senate,DEM,"Mary ""MJ"" Hegar",725
Ward,U.S. Senate,REP,John Cornyn,3138
Ward,U.S. Senate,LIB,,77
Washington,U.S. Senate,DEM,"Mary ""MJ"" Hegar",4017
Washington,U.S. Senate,REP,John Cornyn,12988
Washington,U.S. Senate,LIB,,274
Webb,U.S. Senate,DEM,"Mary ""MJ"" Hegar",40845
Webb,U.S. Senate,REP,John Cornyn,23159
Webb,U.S. Senate,LIB,,2350
Wharton,U.S. Senate,DEM,"Mary ""MJ"" Hegar",4513
Wharton,U.S. Senate,REP,John Cornyn,11832
Wharton,U.S. Senate,LIB,,274
Wheeler,U.S. Senate,DEM,"Mary ""MJ"" Hegar",165
Wheeler,U.S. Senate,REP,John Cornyn,2079
Wheeler,U.S. Senate,LIB,,37
Wichita,U.S. Senate,DEM,"Mary ""MJ"" Hegar",12399
Wichita,U.S. Senate,REP,John Cornyn,31626
Wichita,U.S. Senate,LIB,,1256
Wilbarger,U.S. Senate,DEM,"Mary ""MJ"" Hegar",874
Wilbarger,U.S. Senate,REP,John Cornyn,3473
Wilbarger,U.S. Senate,LIB,,72
Willacy,U.S. Senate,DEM,"Mary ""MJ"" Hegar",2968
Willacy,U.S. Senate,REP,John Cornyn,2183
Willacy,U.S. Senate,LIB,,140
Williamson,U.S. Senate,DEM,"Mary ""MJ"" Hegar",133737
Williamson,U.S. Senate,REP,John Cornyn,142372
Williamson,U.S. Senate,LIB,,7614
Wilson,U.S. Senate,DEM,"Mary ""MJ"" Hegar",5943
Wilson,U.S. Senate,REP,John Cornyn,18327
Wilson,U.S. Senate,LIB,,427
Winkler,U.S. Senate,DEM,"Mary ""MJ"" Hegar",338
Winkler,U.S. Senate,REP,John Cornyn,1714
Winkler,U.S. Senate,LIB,,42
Wise,U.S. Senate,DEM,"Mary ""MJ"" Hegar",4644
Wise,U.S. Senate,REP,John Cornyn,26630
Wise,U.S. Senate,LIB,,725
Wood,U.S. Senate,DEM,"Mary ""MJ"" Hegar",3318
Wood,U.S. Senate,REP,John Cornyn,18757
Wood,U.S. Senate,LIB,,393
Yoakum,U.S. Senate,DEM,"Mary ""MJ"" Hegar",387
Yoakum,U.S. Senate,REP,John Cornyn,2153
Yoakum,U.S. Senate,LIB,,59
Young,U.S. Senate,DEM,"Mary ""MJ"" Hegar",967
Young,U.S. Senate,REP,John Cornyn,6996
Young,U.S. Senate,LIB,,146
Zapata,U.S. Senate,DEM,"Mary ""MJ"" Hegar",1821
Zapata,U.S. Senate,REP,John Cornyn,1454
Zapata,U.S. Senate,LIB,,102
Zavala,U.S. Senate,DEM,"Mary ""MJ"" Hegar",2633
Zavala,U.S. Senate,REP,John Cornyn,1232
Zavala,U.S. Senate,LIB,,129
