county,office,district,candidate,party,votes
ANDERSON,"Judge, Court of Criminal Appeals Place 4",,Kevin Patrick Yeary,REP,7613
ANDERSON,"Judge, Court of Criminal Appeals Place 4",,OTHER,OTH,1288
ANDREWS,"Judge, Court of Criminal Appeals Place 4",,Kevin Patrick Yeary,REP,1864
ANDREWS,"Judge, Court of Criminal Appeals Place 4",,OTHER,OTH,218
ANGELINA,"Judge, Court of Criminal Appeals Place 4",,Kevin Patrick Yeary,REP,12773
ANGELINA,"Judge, Court of Criminal Appeals Place 4",,OTHER,OTH,1588
ARANSAS,"Judge, Court of Criminal Appeals Place 4",,Kevin Patrick Yeary,REP,4511
ARANSAS,"Judge, Court of Criminal Appeals Place 4",,OTHER,OTH,828
ARCHER,"Judge, Court of Criminal Appeals Place 4",,Kevin Patrick Yeary,REP,2147
ARCHER,"Judge, Court of Criminal Appeals Place 4",,OTHER,OTH,316
ARMSTRONG,"Judge, Court of Criminal Appeals Place 4",,Kevin Patrick Yeary,REP,484
ARMSTRONG,"Judge, Court of Criminal Appeals Place 4",,OTHER,OTH,59
ATASCOSA,"Judge, Court of Criminal Appeals Place 4",,Kevin Patrick Yeary,REP,4821
ATASCOSA,"Judge, Court of Criminal Appeals Place 4",,OTHER,OTH,1313
AUSTIN,"Judge, Court of Criminal Appeals Place 4",,Kevin Patrick Yeary,REP,5876
AUSTIN,"Judge, Court of Criminal Appeals Place 4",,OTHER,OTH,579
BAILEY,"Judge, Court of Criminal Appeals Place 4",,Kevin Patrick Yeary,REP,814
BAILEY,"Judge, Court of Criminal Appeals Place 4",,OTHER,OTH,77
BANDERA,"Judge, Court of Criminal Appeals Place 4",,Kevin Patrick Yeary,REP,4878
BANDERA,"Judge, Court of Criminal Appeals Place 4",,OTHER,OTH,970
BASTROP,"Judge, Court of Criminal Appeals Place 4",,Kevin Patrick Yeary,REP,9976
BASTROP,"Judge, Court of Criminal Appeals Place 4",,OTHER,OTH,4143
BAYLOR,"Judge, Court of Criminal Appeals Place 4",,Kevin Patrick Yeary,REP,621
BAYLOR,"Judge, Court of Criminal Appeals Place 4",,OTHER,OTH,95
BEE,"Judge, Court of Criminal Appeals Place 4",,Kevin Patrick Yeary,REP,2998
BEE,"Judge, Court of Criminal Appeals Place 4",,OTHER,OTH,921
BELL,"Judge, Court of Criminal Appeals Place 4",,Kevin Patrick Yeary,REP,28449
BELL,"Judge, Court of Criminal Appeals Place 4",,OTHER,OTH,7082
BEXAR,"Judge, Court of Criminal Appeals Place 4",,Kevin Patrick Yeary,REP,163253
BEXAR,"Judge, Court of Criminal Appeals Place 4",,OTHER,OTH,75906
BLANCO,"Judge, Court of Criminal Appeals Place 4",,Kevin Patrick Yeary,REP,2584
BLANCO,"Judge, Court of Criminal Appeals Place 4",,OTHER,OTH,677
BORDEN,"Judge, Court of Criminal Appeals Place 4",,Kevin Patrick Yeary,REP,223
BORDEN,"Judge, Court of Criminal Appeals Place 4",,OTHER,OTH,14
BOSQUE,"Judge, Court of Criminal Appeals Place 4",,Kevin Patrick Yeary,REP,3789
BOSQUE,"Judge, Court of Criminal Appeals Place 4",,OTHER,OTH,614
BOWIE,"Judge, Court of Criminal Appeals Place 4",,Kevin Patrick Yeary,REP,15543
BOWIE,"Judge, Court of Criminal Appeals Place 4",,OTHER,OTH,2872
BRAZORIA,"Judge, Court of Criminal Appeals Place 4",,Kevin Patrick Yeary,REP,42895
BRAZORIA,"Judge, Court of Criminal Appeals Place 4",,OTHER,OTH,9325
BRAZOS,"Judge, Court of Criminal Appeals Place 4",,Kevin Patrick Yeary,REP,21979
BRAZOS,"Judge, Court of Criminal Appeals Place 4",,OTHER,OTH,5541
BREWSTER,"Judge, Court of Criminal Appeals Place 4",,Kevin Patrick Yeary,REP,1394
BREWSTER,"Judge, Court of Criminal Appeals Place 4",,OTHER,OTH,931
BRISCOE,"Judge, Court of Criminal Appeals Place 4",,Kevin Patrick Yeary,REP,412
BRISCOE,"Judge, Court of Criminal Appeals Place 4",,OTHER,OTH,43
BROOKS,"Judge, Court of Criminal Appeals Place 4",,Kevin Patrick Yeary,REP,616
BROOKS,"Judge, Court of Criminal Appeals Place 4",,OTHER,OTH,648
BROWN,"Judge, Court of Criminal Appeals Place 4",,Kevin Patrick Yeary,REP,6704
BROWN,"Judge, Court of Criminal Appeals Place 4",,OTHER,OTH,887
BURLESON,"Judge, Court of Criminal Appeals Place 4",,Kevin Patrick Yeary,REP,3124
BURLESON,"Judge, Court of Criminal Appeals Place 4",,OTHER,OTH,352
BURNET,"Judge, Court of Criminal Appeals Place 4",,Kevin Patrick Yeary,REP,9076
BURNET,"Judge, Court of Criminal Appeals Place 4",,OTHER,OTH,1662
CALDWELL,"Judge, Court of Criminal Appeals Place 4",,Kevin Patrick Yeary,REP,5111
CALDWELL,"Judge, Court of Criminal Appeals Place 4",,OTHER,OTH,2193
CALHOUN,"Judge, Court of Criminal Appeals Place 4",,Kevin Patrick Yeary,REP,2715
CALHOUN,"Judge, Court of Criminal Appeals Place 4",,OTHER,OTH,654
CALLAHAN,"Judge, Court of Criminal Appeals Place 4",,Kevin Patrick Yeary,REP,2492
CALLAHAN,"Judge, Court of Criminal Appeals Place 4",,OTHER,OTH,328
CAMERON,"Judge, Court of Criminal Appeals Place 4",,Kevin Patrick Yeary,REP,18252
CAMERON,"Judge, Court of Criminal Appeals Place 4",,OTHER,OTH,11445
CAMP,"Judge, Court of Criminal Appeals Place 4",,Kevin Patrick Yeary,REP,1817
CAMP,"Judge, Court of Criminal Appeals Place 4",,OTHER,OTH,294
CARSON,"Judge, Court of Criminal Appeals Place 4",,Kevin Patrick Yeary,REP,1524
CARSON,"Judge, Court of Criminal Appeals Place 4",,OTHER,OTH,179
CASS,"Judge, Court of Criminal Appeals Place 4",,Kevin Patrick Yeary,REP,5118
CASS,"Judge, Court of Criminal Appeals Place 4",,OTHER,OTH,612
CASTRO,"Judge, Court of Criminal Appeals Place 4",,Kevin Patrick Yeary,REP,849
CASTRO,"Judge, Court of Criminal Appeals Place 4",,OTHER,OTH,137
CHAMBERS,"Judge, Court of Criminal Appeals Place 4",,Kevin Patrick Yeary,REP,6860
CHAMBERS,"Judge, Court of Criminal Appeals Place 4",,OTHER,OTH,741
CHEROKEE,"Judge, Court of Criminal Appeals Place 4",,Kevin Patrick Yeary,REP,7294
CHEROKEE,"Judge, Court of Criminal Appeals Place 4",,OTHER,OTH,986
CHILDRESS,"Judge, Court of Criminal Appeals Place 4",,Kevin Patrick Yeary,REP,914
CHILDRESS,"Judge, Court of Criminal Appeals Place 4",,OTHER,OTH,93
CLAY,"Judge, Court of Criminal Appeals Place 4",,Kevin Patrick Yeary,REP,2218
CLAY,"Judge, Court of Criminal Appeals Place 4",,OTHER,OTH,327
COCHRAN,"Judge, Court of Criminal Appeals Place 4",,Kevin Patrick Yeary,REP,390
COCHRAN,"Judge, Court of Criminal Appeals Place 4",,OTHER,OTH,55
COKE,"Judge, Court of Criminal Appeals Place 4",,Kevin Patrick Yeary,REP,645
COKE,"Judge, Court of Criminal Appeals Place 4",,OTHER,OTH,62
COLEMAN,"Judge, Court of Criminal Appeals Place 4",,Kevin Patrick Yeary,REP,1806
COLEMAN,"Judge, Court of Criminal Appeals Place 4",,OTHER,OTH,318
COLLIN,"Judge, Court of Criminal Appeals Place 4",,Kevin Patrick Yeary,REP,118807
COLLIN,"Judge, Court of Criminal Appeals Place 4",,OTHER,OTH,33634
COLLINGSWORTH,"Judge, Court of Criminal Appeals Place 4",,Kevin Patrick Yeary,REP,576
COLLINGSWORTH,"Judge, Court of Criminal Appeals Place 4",,OTHER,OTH,125
COLORADO,"Judge, Court of Criminal Appeals Place 4",,Kevin Patrick Yeary,REP,3862
COLORADO,"Judge, Court of Criminal Appeals Place 4",,OTHER,OTH,442
COMAL,"Judge, Court of Criminal Appeals Place 4",,Kevin Patrick Yeary,REP,26895
COMAL,"Judge, Court of Criminal Appeals Place 4",,OTHER,OTH,5139
COMANCHE,"Judge, Court of Criminal Appeals Place 4",,Kevin Patrick Yeary,REP,2368
COMANCHE,"Judge, Court of Criminal Appeals Place 4",,OTHER,OTH,385
CONCHO,"Judge, Court of Criminal Appeals Place 4",,Kevin Patrick Yeary,REP,470
CONCHO,"Judge, Court of Criminal Appeals Place 4",,OTHER,OTH,66
COOKE,"Judge, Court of Criminal Appeals Place 4",,Kevin Patrick Yeary,REP,7260
COOKE,"Judge, Court of Criminal Appeals Place 4",,OTHER,OTH,817
CORYELL,"Judge, Court of Criminal Appeals Place 4",,Kevin Patrick Yeary,REP,6395
CORYELL,"Judge, Court of Criminal Appeals Place 4",,OTHER,OTH,1211
COTTLE,"Judge, Court of Criminal Appeals Place 4",,Kevin Patrick Yeary,REP,264
COTTLE,"Judge, Court of Criminal Appeals Place 4",,OTHER,OTH,38
CRANE,"Judge, Court of Criminal Appeals Place 4",,Kevin Patrick Yeary,REP,646
CRANE,"Judge, Court of Criminal Appeals Place 4",,OTHER,OTH,94
CROCKETT,"Judge, Court of Criminal Appeals Place 4",,Kevin Patrick Yeary,REP,481
CROCKETT,"Judge, Court of Criminal Appeals Place 4",,OTHER,OTH,108
CROSBY,"Judge, Court of Criminal Appeals Place 4",,Kevin Patrick Yeary,REP,713
CROSBY,"Judge, Court of Criminal Appeals Place 4",,OTHER,OTH,174
CULBERSON,"Judge, Court of Criminal Appeals Place 4",,Kevin Patrick Yeary,REP,144
CULBERSON,"Judge, Court of Criminal Appeals Place 4",,OTHER,OTH,74
DALLAM,"Judge, Court of Criminal Appeals Place 4",,Kevin Patrick Yeary,REP,689
DALLAM,"Judge, Court of Criminal Appeals Place 4",,OTHER,OTH,103
DALLAS,"Judge, Court of Criminal Appeals Place 4",,Kevin Patrick Yeary,REP,189227
DALLAS,"Judge, Court of Criminal Appeals Place 4",,OTHER,OTH,85800
DAWSON,"Judge, Court of Criminal Appeals Place 4",,Kevin Patrick Yeary,REP,1554
DAWSON,"Judge, Court of Criminal Appeals Place 4",,OTHER,OTH,195
DEAF SMITH,"Judge, Court of Criminal Appeals Place 4",,Kevin Patrick Yeary,REP,2092
DEAF SMITH,"Judge, Court of Criminal Appeals Place 4",,OTHER,OTH,334
DELTA,"Judge, Court of Criminal Appeals Place 4",,Kevin Patrick Yeary,REP,1014
DELTA,"Judge, Court of Criminal Appeals Place 4",,OTHER,OTH,164
DENTON,"Judge, Court of Criminal Appeals Place 4",,Kevin Patrick Yeary,REP,96522
DENTON,"Judge, Court of Criminal Appeals Place 4",,OTHER,OTH,29148
DEWITT,"Judge, Court of Criminal Appeals Place 4",,Kevin Patrick Yeary,REP,3269
DEWITT,"Judge, Court of Criminal Appeals Place 4",,OTHER,OTH,362
DICKENS,"Judge, Court of Criminal Appeals Place 4",,Kevin Patrick Yeary,REP,407
DICKENS,"Judge, Court of Criminal Appeals Place 4",,OTHER,OTH,47
DIMMIT,"Judge, Court of Criminal Appeals Place 4",,Kevin Patrick Yeary,REP,624
DIMMIT,"Judge, Court of Criminal Appeals Place 4",,OTHER,OTH,384
DONLEY,"Judge, Court of Criminal Appeals Place 4",,Kevin Patrick Yeary,REP,752
DONLEY,"Judge, Court of Criminal Appeals Place 4",,OTHER,OTH,118
DUVAL,"Judge, Court of Criminal Appeals Place 4",,Kevin Patrick Yeary,REP,704
DUVAL,"Judge, Court of Criminal Appeals Place 4",,OTHER,OTH,589
EASTLAND,"Judge, Court of Criminal Appeals Place 4",,Kevin Patrick Yeary,REP,3250
EASTLAND,"Judge, Court of Criminal Appeals Place 4",,OTHER,OTH,467
ECTOR,"Judge, Court of Criminal Appeals Place 4",,Kevin Patrick Yeary,REP,11877
ECTOR,"Judge, Court of Criminal Appeals Place 4",,OTHER,OTH,1729
EDWARDS,"Judge, Court of Criminal Appeals Place 4",,Kevin Patrick Yeary,REP,480
EDWARDS,"Judge, Court of Criminal Appeals Place 4",,OTHER,OTH,114
ELLIS,"Judge, Court of Criminal Appeals Place 4",,Kevin Patrick Yeary,REP,23717
ELLIS,"Judge, Court of Criminal Appeals Place 4",,OTHER,OTH,4198
EL PASO,"Judge, Court of Criminal Appeals Place 4",,Kevin Patrick Yeary,REP,33547
EL PASO,"Judge, Court of Criminal Appeals Place 4",,OTHER,OTH,25572
ERATH,"Judge, Court of Criminal Appeals Place 4",,Kevin Patrick Yeary,REP,5882
ERATH,"Judge, Court of Criminal Appeals Place 4",,OTHER,OTH,935
FALLS,"Judge, Court of Criminal Appeals Place 4",,Kevin Patrick Yeary,REP,2003
FALLS,"Judge, Court of Criminal Appeals Place 4",,OTHER,OTH,377
FANNIN,"Judge, Court of Criminal Appeals Place 4",,Kevin Patrick Yeary,REP,4918
FANNIN,"Judge, Court of Criminal Appeals Place 4",,OTHER,OTH,788
FAYETTE,"Judge, Court of Criminal Appeals Place 4",,Kevin Patrick Yeary,REP,5766
FAYETTE,"Judge, Court of Criminal Appeals Place 4",,OTHER,OTH,821
FISHER,"Judge, Court of Criminal Appeals Place 4",,Kevin Patrick Yeary,REP,686
FISHER,"Judge, Court of Criminal Appeals Place 4",,OTHER,OTH,239
FLOYD,"Judge, Court of Criminal Appeals Place 4",,Kevin Patrick Yeary,REP,901
FLOYD,"Judge, Court of Criminal Appeals Place 4",,OTHER,OTH,86
FOARD,"Judge, Court of Criminal Appeals Place 4",,Kevin Patrick Yeary,REP,180
FOARD,"Judge, Court of Criminal Appeals Place 4",,OTHER,OTH,58
FORT BEND,"Judge, Court of Criminal Appeals Place 4",,Kevin Patrick Yeary,REP,79067
FORT BEND,"Judge, Court of Criminal Appeals Place 4",,OTHER,OTH,21760
FRANKLIN,"Judge, Court of Criminal Appeals Place 4",,Kevin Patrick Yeary,REP,2119
FRANKLIN,"Judge, Court of Criminal Appeals Place 4",,OTHER,OTH,202
FREESTONE,"Judge, Court of Criminal Appeals Place 4",,Kevin Patrick Yeary,REP,3430
FREESTONE,"Judge, Court of Criminal Appeals Place 4",,OTHER,OTH,458
FRIO,"Judge, Court of Criminal Appeals Place 4",,Kevin Patrick Yeary,REP,894
FRIO,"Judge, Court of Criminal Appeals Place 4",,OTHER,OTH,297
GAINES,"Judge, Court of Criminal Appeals Place 4",,Kevin Patrick Yeary,REP,2100
GAINES,"Judge, Court of Criminal Appeals Place 4",,OTHER,OTH,232
GALVESTON,"Judge, Court of Criminal Appeals Place 4",,Kevin Patrick Yeary,REP,41964
GALVESTON,"Judge, Court of Criminal Appeals Place 4",,OTHER,OTH,10468
GARZA,"Judge, Court of Criminal Appeals Place 4",,Kevin Patrick Yeary,REP,689
GARZA,"Judge, Court of Criminal Appeals Place 4",,OTHER,OTH,85
GILLESPIE,"Judge, Court of Criminal Appeals Place 4",,Kevin Patrick Yeary,REP,7053
GILLESPIE,"Judge, Court of Criminal Appeals Place 4",,OTHER,OTH,969
GLASSCOCK,"Judge, Court of Criminal Appeals Place 4",,Kevin Patrick Yeary,REP,345
GLASSCOCK,"Judge, Court of Criminal Appeals Place 4",,OTHER,OTH,21
GOLIAD,"Judge, Court of Criminal Appeals Place 4",,Kevin Patrick Yeary,REP,1811
GOLIAD,"Judge, Court of Criminal Appeals Place 4",,OTHER,OTH,351
GONZALES,"Judge, Court of Criminal Appeals Place 4",,Kevin Patrick Yeary,REP,2767
GONZALES,"Judge, Court of Criminal Appeals Place 4",,OTHER,OTH,416
GRAY,"Judge, Court of Criminal Appeals Place 4",,Kevin Patrick Yeary,REP,3285
GRAY,"Judge, Court of Criminal Appeals Place 4",,OTHER,OTH,275
GRAYSON,"Judge, Court of Criminal Appeals Place 4",,Kevin Patrick Yeary,REP,17847
GRAYSON,"Judge, Court of Criminal Appeals Place 4",,OTHER,OTH,2995
GREGG,"Judge, Court of Criminal Appeals Place 4",,Kevin Patrick Yeary,REP,17028
GREGG,"Judge, Court of Criminal Appeals Place 4",,OTHER,OTH,2348
GRIMES,"Judge, Court of Criminal Appeals Place 4",,Kevin Patrick Yeary,REP,3701
GRIMES,"Judge, Court of Criminal Appeals Place 4",,OTHER,OTH,561
GUADALUPE,"Judge, Court of Criminal Appeals Place 4",,Kevin Patrick Yeary,REP,21787
GUADALUPE,"Judge, Court of Criminal Appeals Place 4",,OTHER,OTH,5359
HALE,"Judge, Court of Criminal Appeals Place 4",,Kevin Patrick Yeary,REP,3589
HALE,"Judge, Court of Criminal Appeals Place 4",,OTHER,OTH,416
HALL,"Judge, Court of Criminal Appeals Place 4",,Kevin Patrick Yeary,REP,461
HALL,"Judge, Court of Criminal Appeals Place 4",,OTHER,OTH,53
HAMILTON,"Judge, Court of Criminal Appeals Place 4",,Kevin Patrick Yeary,REP,1806
HAMILTON,"Judge, Court of Criminal Appeals Place 4",,OTHER,OTH,318
HANSFORD,"Judge, Court of Criminal Appeals Place 4",,Kevin Patrick Yeary,REP,1065
HANSFORD,"Judge, Court of Criminal Appeals Place 4",,OTHER,OTH,74
HARDEMAN,"Judge, Court of Criminal Appeals Place 4",,Kevin Patrick Yeary,REP,481
HARDEMAN,"Judge, Court of Criminal Appeals Place 4",,OTHER,OTH,90
HARDIN,"Judge, Court of Criminal Appeals Place 4",,Kevin Patrick Yeary,REP,9780
HARDIN,"Judge, Court of Criminal Appeals Place 4",,OTHER,OTH,848
HARRIS,"Judge, Court of Criminal Appeals Place 4",,Kevin Patrick Yeary,REP,374995
HARRIS,"Judge, Court of Criminal Appeals Place 4",,OTHER,OTH,120776
HARRISON,"Judge, Court of Criminal Appeals Place 4",,Kevin Patrick Yeary,REP,10498
HARRISON,"Judge, Court of Criminal Appeals Place 4",,OTHER,OTH,1599
HARTLEY,"Judge, Court of Criminal Appeals Place 4",,Kevin Patrick Yeary,REP,950
HARTLEY,"Judge, Court of Criminal Appeals Place 4",,OTHER,OTH,93
HASKELL,"Judge, Court of Criminal Appeals Place 4",,Kevin Patrick Yeary,REP,726
HASKELL,"Judge, Court of Criminal Appeals Place 4",,OTHER,OTH,170
HAYS,"Judge, Court of Criminal Appeals Place 4",,Kevin Patrick Yeary,REP,21698
HAYS,"Judge, Court of Criminal Appeals Place 4",,OTHER,OTH,11216
HEMPHILL,"Judge, Court of Criminal Appeals Place 4",,Kevin Patrick Yeary,REP,665
HEMPHILL,"Judge, Court of Criminal Appeals Place 4",,OTHER,OTH,80
HENDERSON,"Judge, Court of Criminal Appeals Place 4",,Kevin Patrick Yeary,REP,13176
HENDERSON,"Judge, Court of Criminal Appeals Place 4",,OTHER,OTH,1726
HIDALGO,"Judge, Court of Criminal Appeals Place 4",,Kevin Patrick Yeary,REP,30349
HIDALGO,"Judge, Court of Criminal Appeals Place 4",,OTHER,OTH,19858
HILL,"Judge, Court of Criminal Appeals Place 4",,Kevin Patrick Yeary,REP,6890
HILL,"Judge, Court of Criminal Appeals Place 4",,OTHER,OTH,1052
HOCKLEY,"Judge, Court of Criminal Appeals Place 4",,Kevin Patrick Yeary,REP,3076
HOCKLEY,"Judge, Court of Criminal Appeals Place 4",,OTHER,OTH,373
HOOD,"Judge, Court of Criminal Appeals Place 4",,Kevin Patrick Yeary,REP,10737
HOOD,"Judge, Court of Criminal Appeals Place 4",,OTHER,OTH,1747
HOPKINS,"Judge, Court of Criminal Appeals Place 4",,Kevin Patrick Yeary,REP,5568
HOPKINS,"Judge, Court of Criminal Appeals Place 4",,OTHER,OTH,818
HOUSTON,"Judge, Court of Criminal Appeals Place 4",,Kevin Patrick Yeary,REP,3553
HOUSTON,"Judge, Court of Criminal Appeals Place 4",,OTHER,OTH,403
HOWARD,"Judge, Court of Criminal Appeals Place 4",,Kevin Patrick Yeary,REP,3269
HOWARD,"Judge, Court of Criminal Appeals Place 4",,OTHER,OTH,593
HUDSPETH,"Judge, Court of Criminal Appeals Place 4",,Kevin Patrick Yeary,REP,231
HUDSPETH,"Judge, Court of Criminal Appeals Place 4",,OTHER,OTH,103
HUNT,"Judge, Court of Criminal Appeals Place 4",,Kevin Patrick Yeary,REP,12259
HUNT,"Judge, Court of Criminal Appeals Place 4",,OTHER,OTH,1838
HUTCHINSON,"Judge, Court of Criminal Appeals Place 4",,Kevin Patrick Yeary,REP,3813
HUTCHINSON,"Judge, Court of Criminal Appeals Place 4",,OTHER,OTH,439
IRION,"Judge, Court of Criminal Appeals Place 4",,Kevin Patrick Yeary,REP,360
IRION,"Judge, Court of Criminal Appeals Place 4",,OTHER,OTH,44
JACK,"Judge, Court of Criminal Appeals Place 4",,Kevin Patrick Yeary,REP,1432
JACK,"Judge, Court of Criminal Appeals Place 4",,OTHER,OTH,146
JACKSON,"Judge, Court of Criminal Appeals Place 4",,Kevin Patrick Yeary,REP,2373
JACKSON,"Judge, Court of Criminal Appeals Place 4",,OTHER,OTH,242
JASPER,"Judge, Court of Criminal Appeals Place 4",,Kevin Patrick Yeary,REP,5469
JASPER,"Judge, Court of Criminal Appeals Place 4",,OTHER,OTH,651
JEFF DAVIS,"Judge, Court of Criminal Appeals Place 4",,Kevin Patrick Yeary,REP,548
JEFF DAVIS,"Judge, Court of Criminal Appeals Place 4",,OTHER,OTH,303
JEFFERSON,"Judge, Court of Criminal Appeals Place 4",,Kevin Patrick Yeary,REP,27481
JEFFERSON,"Judge, Court of Criminal Appeals Place 4",,OTHER,OTH,6477
JIM HOGG,"Judge, Court of Criminal Appeals Place 4",,Kevin Patrick Yeary,REP,196
JIM HOGG,"Judge, Court of Criminal Appeals Place 4",,OTHER,OTH,161
JIM WELLS,"Judge, Court of Criminal Appeals Place 4",,Kevin Patrick Yeary,REP,2697
JIM WELLS,"Judge, Court of Criminal Appeals Place 4",,OTHER,OTH,1152
JOHNSON,"Judge, Court of Criminal Appeals Place 4",,Kevin Patrick Yeary,REP,22728
JOHNSON,"Judge, Court of Criminal Appeals Place 4",,OTHER,OTH,3610
JONES,"Judge, Court of Criminal Appeals Place 4",,Kevin Patrick Yeary,REP,2395
JONES,"Judge, Court of Criminal Appeals Place 4",,OTHER,OTH,676
KARNES,"Judge, Court of Criminal Appeals Place 4",,Kevin Patrick Yeary,REP,1746
KARNES,"Judge, Court of Criminal Appeals Place 4",,OTHER,OTH,296
KAUFMAN,"Judge, Court of Criminal Appeals Place 4",,Kevin Patrick Yeary,REP,14821
KAUFMAN,"Judge, Court of Criminal Appeals Place 4",,OTHER,OTH,2315
KENDALL,"Judge, Court of Criminal Appeals Place 4",,Kevin Patrick Yeary,REP,9656
KENDALL,"Judge, Court of Criminal Appeals Place 4",,OTHER,OTH,1414
KENEDY,"Judge, Court of Criminal Appeals Place 4",,Kevin Patrick Yeary,REP,58
KENEDY,"Judge, Court of Criminal Appeals Place 4",,OTHER,OTH,13
KENT,"Judge, Court of Criminal Appeals Place 4",,Kevin Patrick Yeary,REP,201
KENT,"Judge, Court of Criminal Appeals Place 4",,OTHER,OTH,59
KERR,"Judge, Court of Criminal Appeals Place 4",,Kevin Patrick Yeary,REP,11638
KERR,"Judge, Court of Criminal Appeals Place 4",,OTHER,OTH,1927
KIMBLE,"Judge, Court of Criminal Appeals Place 4",,Kevin Patrick Yeary,REP,1029
KIMBLE,"Judge, Court of Criminal Appeals Place 4",,OTHER,OTH,95
KING,"Judge, Court of Criminal Appeals Place 4",,Kevin Patrick Yeary,REP,78
KING,"Judge, Court of Criminal Appeals Place 4",,OTHER,OTH,9
KINNEY,"Judge, Court of Criminal Appeals Place 4",,Kevin Patrick Yeary,REP,721
KINNEY,"Judge, Court of Criminal Appeals Place 4",,OTHER,OTH,216
KLEBERG,"Judge, Court of Criminal Appeals Place 4",,Kevin Patrick Yeary,REP,3022
KLEBERG,"Judge, Court of Criminal Appeals Place 4",,OTHER,OTH,1360
KNOX,"Judge, Court of Criminal Appeals Place 4",,Kevin Patrick Yeary,REP,608
KNOX,"Judge, Court of Criminal Appeals Place 4",,OTHER,OTH,148
LAMAR,"Judge, Court of Criminal Appeals Place 4",,Kevin Patrick Yeary,REP,7770
LAMAR,"Judge, Court of Criminal Appeals Place 4",,OTHER,OTH,1341
LAMB,"Judge, Court of Criminal Appeals Place 4",,Kevin Patrick Yeary,REP,1728
LAMB,"Judge, Court of Criminal Appeals Place 4",,OTHER,OTH,173
LAMPASAS,"Judge, Court of Criminal Appeals Place 4",,Kevin Patrick Yeary,REP,3689
LAMPASAS,"Judge, Court of Criminal Appeals Place 4",,OTHER,OTH,517
LA SALLE,"Judge, Court of Criminal Appeals Place 4",,Kevin Patrick Yeary,REP,405
LA SALLE,"Judge, Court of Criminal Appeals Place 4",,OTHER,OTH,121
LAVACA,"Judge, Court of Criminal Appeals Place 4",,Kevin Patrick Yeary,REP,4138
LAVACA,"Judge, Court of Criminal Appeals Place 4",,OTHER,OTH,396
LEE,"Judge, Court of Criminal Appeals Place 4",,Kevin Patrick Yeary,REP,3056
LEE,"Judge, Court of Criminal Appeals Place 4",,OTHER,OTH,571
LEON,"Judge, Court of Criminal Appeals Place 4",,Kevin Patrick Yeary,REP,3640
LEON,"Judge, Court of Criminal Appeals Place 4",,OTHER,OTH,293
LIBERTY,"Judge, Court of Criminal Appeals Place 4",,Kevin Patrick Yeary,REP,9612
LIBERTY,"Judge, Court of Criminal Appeals Place 4",,OTHER,OTH,1298
LIMESTONE,"Judge, Court of Criminal Appeals Place 4",,Kevin Patrick Yeary,REP,3152
LIMESTONE,"Judge, Court of Criminal Appeals Place 4",,OTHER,OTH,524
LIPSCOMB,"Judge, Court of Criminal Appeals Place 4",,Kevin Patrick Yeary,REP,709
LIPSCOMB,"Judge, Court of Criminal Appeals Place 4",,OTHER,OTH,77
LIVE OAK,"Judge, Court of Criminal Appeals Place 4",,Kevin Patrick Yeary,REP,2004
LIVE OAK,"Judge, Court of Criminal Appeals Place 4",,OTHER,OTH,218
LLANO,"Judge, Court of Criminal Appeals Place 4",,Kevin Patrick Yeary,REP,5618
LLANO,"Judge, Court of Criminal Appeals Place 4",,OTHER,OTH,800
LOVING,"Judge, Court of Criminal Appeals Place 4",,Kevin Patrick Yeary,REP,31
LOVING,"Judge, Court of Criminal Appeals Place 4",,OTHER,OTH,5
LUBBOCK,"Judge, Court of Criminal Appeals Place 4",,Kevin Patrick Yeary,REP,35210
LUBBOCK,"Judge, Court of Criminal Appeals Place 4",,OTHER,OTH,7336
LYNN,"Judge, Court of Criminal Appeals Place 4",,Kevin Patrick Yeary,REP,877
LYNN,"Judge, Court of Criminal Appeals Place 4",,OTHER,OTH,152
MADISON,"Judge, Court of Criminal Appeals Place 4",,Kevin Patrick Yeary,REP,1931
MADISON,"Judge, Court of Criminal Appeals Place 4",,OTHER,OTH,186
MARION,"Judge, Court of Criminal Appeals Place 4",,Kevin Patrick Yeary,REP,1491
MARION,"Judge, Court of Criminal Appeals Place 4",,OTHER,OTH,229
MARTIN,"Judge, Court of Criminal Appeals Place 4",,Kevin Patrick Yeary,REP,912
MARTIN,"Judge, Court of Criminal Appeals Place 4",,OTHER,OTH,121
MASON,"Judge, Court of Criminal Appeals Place 4",,Kevin Patrick Yeary,REP,1060
MASON,"Judge, Court of Criminal Appeals Place 4",,OTHER,OTH,145
MATAGORDA,"Judge, Court of Criminal Appeals Place 4",,Kevin Patrick Yeary,REP,4764
MATAGORDA,"Judge, Court of Criminal Appeals Place 4",,OTHER,OTH,947
MAVERICK,"Judge, Court of Criminal Appeals Place 4",,Kevin Patrick Yeary,REP,1655
MAVERICK,"Judge, Court of Criminal Appeals Place 4",,OTHER,OTH,1823
MCCULLOCH,"Judge, Court of Criminal Appeals Place 4",,Kevin Patrick Yeary,REP,1394
MCCULLOCH,"Judge, Court of Criminal Appeals Place 4",,OTHER,OTH,200
MCLENNAN,"Judge, Court of Criminal Appeals Place 4",,Kevin Patrick Yeary,REP,30541
MCLENNAN,"Judge, Court of Criminal Appeals Place 4",,OTHER,OTH,6771
MCMULLEN,"Judge, Court of Criminal Appeals Place 4",,Kevin Patrick Yeary,REP,197
MCMULLEN,"Judge, Court of Criminal Appeals Place 4",,OTHER,OTH,25
MEDINA,"Judge, Court of Criminal Appeals Place 4",,Kevin Patrick Yeary,REP,7341
MEDINA,"Judge, Court of Criminal Appeals Place 4",,OTHER,OTH,1359
MENARD,"Judge, Court of Criminal Appeals Place 4",,Kevin Patrick Yeary,REP,383
MENARD,"Judge, Court of Criminal Appeals Place 4",,OTHER,OTH,46
MIDLAND,"Judge, Court of Criminal Appeals Place 4",,Kevin Patrick Yeary,REP,19624
MIDLAND,"Judge, Court of Criminal Appeals Place 4",,OTHER,OTH,2372
MILAM,"Judge, Court of Criminal Appeals Place 4",,Kevin Patrick Yeary,REP,3494
MILAM,"Judge, Court of Criminal Appeals Place 4",,OTHER,OTH,658
MILLS,"Judge, Court of Criminal Appeals Place 4",,Kevin Patrick Yeary,REP,1127
MILLS,"Judge, Court of Criminal Appeals Place 4",,OTHER,OTH,113
MITCHELL,"Judge, Court of Criminal Appeals Place 4",,Kevin Patrick Yeary,REP,891
MITCHELL,"Judge, Court of Criminal Appeals Place 4",,OTHER,OTH,185
MONTAGUE,"Judge, Court of Criminal Appeals Place 4",,Kevin Patrick Yeary,REP,5420
MONTAGUE,"Judge, Court of Criminal Appeals Place 4",,OTHER,OTH,758
MONTGOMERY,"Judge, Court of Criminal Appeals Place 4",,Kevin Patrick Yeary,REP,86025
MONTGOMERY,"Judge, Court of Criminal Appeals Place 4",,OTHER,OTH,10823
MOORE,"Judge, Court of Criminal Appeals Place 4",,Kevin Patrick Yeary,REP,2334
MOORE,"Judge, Court of Criminal Appeals Place 4",,OTHER,OTH,268
MORRIS,"Judge, Court of Criminal Appeals Place 4",,Kevin Patrick Yeary,REP,1955
MORRIS,"Judge, Court of Criminal Appeals Place 4",,OTHER,OTH,417
MOTLEY,"Judge, Court of Criminal Appeals Place 4",,Kevin Patrick Yeary,REP,318
MOTLEY,"Judge, Court of Criminal Appeals Place 4",,OTHER,OTH,20
NACOGDOCHES,"Judge, Court of Criminal Appeals Place 4",,Kevin Patrick Yeary,REP,8742
NACOGDOCHES,"Judge, Court of Criminal Appeals Place 4",,OTHER,OTH,1487
NAVARRO,"Judge, Court of Criminal Appeals Place 4",,Kevin Patrick Yeary,REP,7103
NAVARRO,"Judge, Court of Criminal Appeals Place 4",,OTHER,OTH,1057
NEWTON,"Judge, Court of Criminal Appeals Place 4",,Kevin Patrick Yeary,REP,2062
NEWTON,"Judge, Court of Criminal Appeals Place 4",,OTHER,OTH,305
NOLAN,"Judge, Court of Criminal Appeals Place 4",,Kevin Patrick Yeary,REP,1837
NOLAN,"Judge, Court of Criminal Appeals Place 4",,OTHER,OTH,512
NUECES,"Judge, Court of Criminal Appeals Place 4",,Kevin Patrick Yeary,REP,32630
NUECES,"Judge, Court of Criminal Appeals Place 4",,OTHER,OTH,12312
OCHILTREE,"Judge, Court of Criminal Appeals Place 4",,Kevin Patrick Yeary,REP,1433
OCHILTREE,"Judge, Court of Criminal Appeals Place 4",,OTHER,OTH,85
OLDHAM,"Judge, Court of Criminal Appeals Place 4",,Kevin Patrick Yeary,REP,494
OLDHAM,"Judge, Court of Criminal Appeals Place 4",,OTHER,OTH,42
ORANGE,"Judge, Court of Criminal Appeals Place 4",,Kevin Patrick Yeary,REP,13286
ORANGE,"Judge, Court of Criminal Appeals Place 4",,OTHER,OTH,1800
PALO PINTO,"Judge, Court of Criminal Appeals Place 4",,Kevin Patrick Yeary,REP,4351
PALO PINTO,"Judge, Court of Criminal Appeals Place 4",,OTHER,OTH,774
PANOLA,"Judge, Court of Criminal Appeals Place 4",,Kevin Patrick Yeary,REP,4561
PANOLA,"Judge, Court of Criminal Appeals Place 4",,OTHER,OTH,468
PARKER,"Judge, Court of Criminal Appeals Place 4",,Kevin Patrick Yeary,REP,25655
PARKER,"Judge, Court of Criminal Appeals Place 4",,OTHER,OTH,3787
PARMER,"Judge, Court of Criminal Appeals Place 4",,Kevin Patrick Yeary,REP,1206
PARMER,"Judge, Court of Criminal Appeals Place 4",,OTHER,OTH,104
PECOS,"Judge, Court of Criminal Appeals Place 4",,Kevin Patrick Yeary,REP,1951
PECOS,"Judge, Court of Criminal Appeals Place 4",,OTHER,OTH,637
POLK,"Judge, Court of Criminal Appeals Place 4",,Kevin Patrick Yeary,REP,7873
POLK,"Judge, Court of Criminal Appeals Place 4",,OTHER,OTH,1300
POTTER,"Judge, Court of Criminal Appeals Place 4",,Kevin Patrick Yeary,REP,10306
POTTER,"Judge, Court of Criminal Appeals Place 4",,OTHER,OTH,2160
PRESIDIO,"Judge, Court of Criminal Appeals Place 4",,Kevin Patrick Yeary,REP,307
PRESIDIO,"Judge, Court of Criminal Appeals Place 4",,OTHER,OTH,159
RAINS,"Judge, Court of Criminal Appeals Place 4",,Kevin Patrick Yeary,REP,1960
RAINS,"Judge, Court of Criminal Appeals Place 4",,OTHER,OTH,218
RANDALL,"Judge, Court of Criminal Appeals Place 4",,Kevin Patrick Yeary,REP,23589
RANDALL,"Judge, Court of Criminal Appeals Place 4",,OTHER,OTH,3318
REAGAN,"Judge, Court of Criminal Appeals Place 4",,Kevin Patrick Yeary,REP,388
REAGAN,"Judge, Court of Criminal Appeals Place 4",,OTHER,OTH,58
REAL,"Judge, Court of Criminal Appeals Place 4",,Kevin Patrick Yeary,REP,822
REAL,"Judge, Court of Criminal Appeals Place 4",,OTHER,OTH,130
RED RIVER,"Judge, Court of Criminal Appeals Place 4",,Kevin Patrick Yeary,REP,1904
RED RIVER,"Judge, Court of Criminal Appeals Place 4",,OTHER,OTH,307
REEVES,"Judge, Court of Criminal Appeals Place 4",,Kevin Patrick Yeary,REP,565
REEVES,"Judge, Court of Criminal Appeals Place 4",,OTHER,OTH,268
REFUGIO,"Judge, Court of Criminal Appeals Place 4",,Kevin Patrick Yeary,REP,1236
REFUGIO,"Judge, Court of Criminal Appeals Place 4",,OTHER,OTH,282
ROBERTS,"Judge, Court of Criminal Appeals Place 4",,Kevin Patrick Yeary,REP,293
ROBERTS,"Judge, Court of Criminal Appeals Place 4",,OTHER,OTH,23
ROBERTSON,"Judge, Court of Criminal Appeals Place 4",,Kevin Patrick Yeary,REP,3114
ROBERTSON,"Judge, Court of Criminal Appeals Place 4",,OTHER,OTH,5213
ROCKWALL,"Judge, Court of Criminal Appeals Place 4",,Kevin Patrick Yeary,REP,16320
ROCKWALL,"Judge, Court of Criminal Appeals Place 4",,OTHER,OTH,2477
RUNNELS,"Judge, Court of Criminal Appeals Place 4",,Kevin Patrick Yeary,REP,1854
RUNNELS,"Judge, Court of Criminal Appeals Place 4",,OTHER,OTH,279
RUSK,"Judge, Court of Criminal Appeals Place 4",,Kevin Patrick Yeary,REP,8280
RUSK,"Judge, Court of Criminal Appeals Place 4",,OTHER,OTH,893
SABINE,"Judge, Court of Criminal Appeals Place 4",,Kevin Patrick Yeary,REP,2218
SABINE,"Judge, Court of Criminal Appeals Place 4",,OTHER,OTH,234
SAN AUGUSTINE,"Judge, Court of Criminal Appeals Place 4",,Kevin Patrick Yeary,REP,1789
SAN AUGUSTINE,"Judge, Court of Criminal Appeals Place 4",,OTHER,OTH,402
SAN JACINTO,"Judge, Court of Criminal Appeals Place 4",,Kevin Patrick Yeary,REP,4644
SAN JACINTO,"Judge, Court of Criminal Appeals Place 4",,OTHER,OTH,821
SAN PATRICIO,"Judge, Court of Criminal Appeals Place 4",,Kevin Patrick Yeary,REP,7340
SAN PATRICIO,"Judge, Court of Criminal Appeals Place 4",,OTHER,OTH,1762
SAN SABA,"Judge, Court of Criminal Appeals Place 4",,Kevin Patrick Yeary,REP,1198
SAN SABA,"Judge, Court of Criminal Appeals Place 4",,OTHER,OTH,135
SCHLEICHER,"Judge, Court of Criminal Appeals Place 4",,Kevin Patrick Yeary,REP,573
SCHLEICHER,"Judge, Court of Criminal Appeals Place 4",,OTHER,OTH,163
SCURRY,"Judge, Court of Criminal Appeals Place 4",,Kevin Patrick Yeary,REP,2331
SCURRY,"Judge, Court of Criminal Appeals Place 4",,OTHER,OTH,316
SHACKELFORD,"Judge, Court of Criminal Appeals Place 4",,Kevin Patrick Yeary,REP,677
SHACKELFORD,"Judge, Court of Criminal Appeals Place 4",,OTHER,OTH,113
SHELBY,"Judge, Court of Criminal Appeals Place 4",,Kevin Patrick Yeary,REP,4151
SHELBY,"Judge, Court of Criminal Appeals Place 4",,OTHER,OTH,464
SHERMAN,"Judge, Court of Criminal Appeals Place 4",,Kevin Patrick Yeary,REP,481
SHERMAN,"Judge, Court of Criminal Appeals Place 4",,OTHER,OTH,54
SMITH,"Judge, Court of Criminal Appeals Place 4",,Kevin Patrick Yeary,REP,36603
SMITH,"Judge, Court of Criminal Appeals Place 4",,OTHER,OTH,5370
SOMERVELL,"Judge, Court of Criminal Appeals Place 4",,Kevin Patrick Yeary,REP,1739
SOMERVELL,"Judge, Court of Criminal Appeals Place 4",,OTHER,OTH,274
STARR,"Judge, Court of Criminal Appeals Place 4",,Kevin Patrick Yeary,REP,1139
STARR,"Judge, Court of Criminal Appeals Place 4",,OTHER,OTH,770
STEPHENS,"Judge, Court of Criminal Appeals Place 4",,Kevin Patrick Yeary,REP,1584
STEPHENS,"Judge, Court of Criminal Appeals Place 4",,OTHER,OTH,221
STERLING,"Judge, Court of Criminal Appeals Place 4",,Kevin Patrick Yeary,REP,405
STERLING,"Judge, Court of Criminal Appeals Place 4",,OTHER,OTH,34
STONEWALL,"Judge, Court of Criminal Appeals Place 4",,Kevin Patrick Yeary,REP,242
STONEWALL,"Judge, Court of Criminal Appeals Place 4",,OTHER,OTH,75
SUTTON,"Judge, Court of Criminal Appeals Place 4",,Kevin Patrick Yeary,REP,596
SUTTON,"Judge, Court of Criminal Appeals Place 4",,OTHER,OTH,74
SWISHER,"Judge, Court of Criminal Appeals Place 4",,Kevin Patrick Yeary,REP,975
SWISHER,"Judge, Court of Criminal Appeals Place 4",,OTHER,OTH,240
TARRANT,"Judge, Court of Criminal Appeals Place 4",,Kevin Patrick Yeary,REP,220663
TARRANT,"Judge, Court of Criminal Appeals Place 4",,OTHER,OTH,66574
TAYLOR,"Judge, Court of Criminal Appeals Place 4",,Kevin Patrick Yeary,REP,18276
TAYLOR,"Judge, Court of Criminal Appeals Place 4",,OTHER,OTH,3395
TERRELL,"Judge, Court of Criminal Appeals Place 4",,Kevin Patrick Yeary,REP,234
TERRELL,"Judge, Court of Criminal Appeals Place 4",,OTHER,OTH,86
TERRY,"Judge, Court of Criminal Appeals Place 4",,Kevin Patrick Yeary,REP,1727
TERRY,"Judge, Court of Criminal Appeals Place 4",,OTHER,OTH,293
THROCKMORTON,"Judge, Court of Criminal Appeals Place 4",,Kevin Patrick Yeary,REP,410
THROCKMORTON,"Judge, Court of Criminal Appeals Place 4",,OTHER,OTH,65
TITUS,"Judge, Court of Criminal Appeals Place 4",,Kevin Patrick Yeary,REP,3707
TITUS,"Judge, Court of Criminal Appeals Place 4",,OTHER,OTH,597
TOM GREEN,"Judge, Court of Criminal Appeals Place 4",,Kevin Patrick Yeary,REP,14425
TOM GREEN,"Judge, Court of Criminal Appeals Place 4",,OTHER,OTH,2459
TRAVIS,"Judge, Court of Criminal Appeals Place 4",,Kevin Patrick Yeary,REP,100008
TRAVIS,"Judge, Court of Criminal Appeals Place 4",,OTHER,OTH,108441
TRINITY,"Judge, Court of Criminal Appeals Place 4",,Kevin Patrick Yeary,REP,2813
TRINITY,"Judge, Court of Criminal Appeals Place 4",,OTHER,OTH,464
TYLER,"Judge, Court of Criminal Appeals Place 4",,Kevin Patrick Yeary,REP,3579
TYLER,"Judge, Court of Criminal Appeals Place 4",,OTHER,OTH,512
UPSHUR,"Judge, Court of Criminal Appeals Place 4",,Kevin Patrick Yeary,REP,6941
UPSHUR,"Judge, Court of Criminal Appeals Place 4",,OTHER,OTH,916
UPTON,"Judge, Court of Criminal Appeals Place 4",,Kevin Patrick Yeary,REP,486
UPTON,"Judge, Court of Criminal Appeals Place 4",,OTHER,OTH,88
UVALDE,"Judge, Court of Criminal Appeals Place 4",,Kevin Patrick Yeary,REP,3006
UVALDE,"Judge, Court of Criminal Appeals Place 4",,OTHER,OTH,847
VAL VERDE,"Judge, Court of Criminal Appeals Place 4",,Kevin Patrick Yeary,REP,3609
VAL VERDE,"Judge, Court of Criminal Appeals Place 4",,OTHER,OTH,1745
VAN ZANDT,"Judge, Court of Criminal Appeals Place 4",,Kevin Patrick Yeary,REP,9657
VAN ZANDT,"Judge, Court of Criminal Appeals Place 4",,OTHER,OTH,1172
VICTORIA,"Judge, Court of Criminal Appeals Place 4",,Kevin Patrick Yeary,REP,12655
VICTORIA,"Judge, Court of Criminal Appeals Place 4",,OTHER,OTH,2018
WALKER,"Judge, Court of Criminal Appeals Place 4",,Kevin Patrick Yeary,REP,7860
WALKER,"Judge, Court of Criminal Appeals Place 4",,OTHER,OTH,1914
WALLER,"Judge, Court of Criminal Appeals Place 4",,Kevin Patrick Yeary,REP,6305
WALLER,"Judge, Court of Criminal Appeals Place 4",,OTHER,OTH,1128
WARD,"Judge, Court of Criminal Appeals Place 4",,Kevin Patrick Yeary,REP,1367
WARD,"Judge, Court of Criminal Appeals Place 4",,OTHER,OTH,270
WASHINGTON,"Judge, Court of Criminal Appeals Place 4",,Kevin Patrick Yeary,REP,6890
WASHINGTON,"Judge, Court of Criminal Appeals Place 4",,OTHER,OTH,867
WEBB,"Judge, Court of Criminal Appeals Place 4",,Kevin Patrick Yeary,REP,9568
WEBB,"Judge, Court of Criminal Appeals Place 4",,OTHER,OTH,10294
WHARTON,"Judge, Court of Criminal Appeals Place 4",,Kevin Patrick Yeary,REP,6264
WHARTON,"Judge, Court of Criminal Appeals Place 4",,OTHER,OTH,798
WHEELER,"Judge, Court of Criminal Appeals Place 4",,Kevin Patrick Yeary,REP,1122
WHEELER,"Judge, Court of Criminal Appeals Place 4",,OTHER,OTH,106
WICHITA,"Judge, Court of Criminal Appeals Place 4",,Kevin Patrick Yeary,REP,15768
WICHITA,"Judge, Court of Criminal Appeals Place 4",,OTHER,OTH,2752
WILBARGER,"Judge, Court of Criminal Appeals Place 4",,Kevin Patrick Yeary,REP,1965
WILBARGER,"Judge, Court of Criminal Appeals Place 4",,OTHER,OTH,358
WILLACY,"Judge, Court of Criminal Appeals Place 4",,Kevin Patrick Yeary,REP,884
WILLACY,"Judge, Court of Criminal Appeals Place 4",,OTHER,OTH,557
WILLIAMSON,"Judge, Court of Criminal Appeals Place 4",,Kevin Patrick Yeary,REP,63573
WILLIAMSON,"Judge, Court of Criminal Appeals Place 4",,OTHER,OTH,25242
WILSON,"Judge, Court of Criminal Appeals Place 4",,Kevin Patrick Yeary,REP,7529
WILSON,"Judge, Court of Criminal Appeals Place 4",,OTHER,OTH,1548
WINKLER,"Judge, Court of Criminal Appeals Place 4",,Kevin Patrick Yeary,REP,759
WINKLER,"Judge, Court of Criminal Appeals Place 4",,OTHER,OTH,110
WISE,"Judge, Court of Criminal Appeals Place 4",,Kevin Patrick Yeary,REP,10104
WISE,"Judge, Court of Criminal Appeals Place 4",,OTHER,OTH,1571
WOOD,"Judge, Court of Criminal Appeals Place 4",,Kevin Patrick Yeary,REP,9580
WOOD,"Judge, Court of Criminal Appeals Place 4",,OTHER,OTH,801
YOAKUM,"Judge, Court of Criminal Appeals Place 4",,Kevin Patrick Yeary,REP,945
YOAKUM,"Judge, Court of Criminal Appeals Place 4",,OTHER,OTH,85
YOUNG,"Judge, Court of Criminal Appeals Place 4",,Kevin Patrick Yeary,REP,4365
YOUNG,"Judge, Court of Criminal Appeals Place 4",,OTHER,OTH,546
ZAPATA,"Judge, Court of Criminal Appeals Place 4",,Kevin Patrick Yeary,REP,420
ZAPATA,"Judge, Court of Criminal Appeals Place 4",,OTHER,OTH,242
ZAVALA,"Judge, Court of Criminal Appeals Place 4",,Kevin Patrick Yeary,REP,346
ZAVALA,"Judge, Court of Criminal Appeals Place 4",,OTHER,OTH,279
